stname,name,fips,r1ttt0,r1ttt5,r1ttt10,r1ttt15,r1ttt20,r1ttt25,r1ttt30,r1ttt35,r1ttt40,r1ttt45,r1ttt50,r1ttt55,r1ttt60,r1ttt65,r1ttt70,r1ttt75,m1ttt0,m1ttt5,m1ttt10,m1ttt15,m1ttt20,m1ttt25,m1ttt30,m1ttt35,m1ttt40,m1ttt45,m1ttt50,m1ttt55,m1ttt60,m1ttt65,m1ttt70,m1ttt75,e1ttt0,e1ttt5,e1ttt10,e1ttt15,e1ttt20,e1ttt25,e1ttt30,e1ttt35,e1ttt40,e1ttt45,e1ttt50,e1ttt55,e1ttt60,e1ttt65,e1ttt70,e1ttt75,r0ttt0,r0ttt5,r0ttt10,r0ttt15,r0ttt20,r0ttt25,r0ttt30,r0ttt35,r0ttt40,r0ttt45,r0ttt50,r0ttt55,r0ttt60,r0ttt65,r0ttt70,r0ttt75,m0ttt0,m0ttt5,m0ttt10,m0ttt15,m0ttt20,m0ttt25,m0ttt30,m0ttt35,m0ttt40,m0ttt45,m0ttt50,m0ttt55,m0ttt60,m0ttt65,m0ttt70,m0ttt75,e0ttt0,e0ttt5,e0ttt10,e0ttt15,e0ttt20,e0ttt25,e0ttt30,e0ttt35,e0ttt40,e0ttt45,e0ttt50,e0ttt55,e0ttt60,e0ttt65,e0ttt70,e0ttt75,r9ttt0,r9ttt5,r9ttt10,r9ttt15,r9ttt20,r9ttt25,r9ttt30,r9ttt35,r9ttt40,r9ttt45,r9ttt50,r9ttt55,r9ttt60,r9ttt65,r9ttt70,r9ttt75,m9ttt0,m9ttt5,m9ttt10,m9ttt15,m9ttt20,m9ttt25,m9ttt30,m9ttt35,m9ttt40,m9ttt45,m9ttt50,m9ttt55,m9ttt60,m9ttt65,m9ttt70,m9ttt75,e9ttt0,e9ttt5,e9ttt10,e9ttt15,e9ttt20,e9ttt25,e9ttt30,e9ttt35,e9ttt40,e9ttt45,e9ttt50,e9ttt55,e9ttt60,e9ttt65,e9ttt70,e9ttt75
Montana,Wheatland County,30107,-14.07,17.42,-0.59,4.04,-26.20,-38.64,-2.24,-2.72,11.07,14.38,3.23,4.50,10.63,5.98,-3.82,,-19,20,-1,5,-39,-55,-2,-2,11,15,4,5,17,10,-5,,135.00,114.12,160.94,112.46,147.70,143.42,98.20,90.46,102.64,104.92,118.18,109.09,160.89,165.12,140.36,,65.7,2.6,5.8,-10.5,-44.4,-41.1,11.1,1.3,15,-0.1,11.7,18.6,10.7,2.2,7.8,-10.6,63,2,8,-17,-80,-65,10,1,16,0,18,28,15,3,6,-25,96,108,139,161,181,158,92,105,106,114,155,149,145,135,87,234,-0.6,6.0,15.3,-2.8,-53.0,-21.7,24.1,-3.4,0.5,9.9,8.2,23.2,1.0,-9.3,15.3,-16.7,0,9,24,-4,-107,-30,20,-4,0,14,12,27,1,-10,12,-46,139,155,161,164,202,140,86,118,160,141,151,119,106,113,84,276
Montana,Wibaux County,30109,-23.25,5.26,-2.54,-7.62,-29.78,-21.76,13.14,7.24,14.23,17.56,20.79,-1.35,1.13,-8.49,-13.89,,-13,3,-1,-4,-20,-12,4,4,6,7,10,-1,1,-7,-9,,56.03,57.00,54.38,55.21,68.36,54.96,27.40,55.95,39.39,39.13,48.85,77.04,79.11,77.59,66.19,,65.6,60,20.3,-18.9,-64.1,-34.4,14.1,15.3,-6.7,14.6,6.2,13.9,0.2,18.1,64.2,102.9,21,20,11,-12,-57,-29,4,5,-3,9,4,10,0,8,19,69,32,34,56,67,89,85,35,33,52,67,79,76,74,45,30,67,-10.7,13.0,23.2,-9.8,-65.7,-55.0,20.3,-14.9,6.1,2.3,8.4,-23.0,-19.5,9.4,10.6,13.0,-7,7,16,-9,-69,-42,9,-12,4,1,6,-15,-9,4,5,13,64,60,72,93,106,77,44,82,76,85,74,66,51,48,53,102
Montana,Mineral County,30061,22.61,-1.33,23.76,-4.90,-26.34,-12.00,35.54,39.88,30.59,11.59,23.56,19.86,20.92,23.21,19.09,,44,-3,49,-11,-52,-28,57,72,51,20,54,61,69,86,58,,194.11,222.97,207.66,221.86,196.84,229.56,159.36,181.59,166.94,174.74,227.42,307.04,330.80,372.53,303.97,,-18.8,2.7,-1.2,-6.8,-42.9,-34.5,13.5,5.9,18.9,13.8,29.4,32.7,37.5,42.5,27.8,18,-47,5,-2,-17,-123,-99,20,10,37,39,86,102,99,99,56,49,252,213,200,251,288,287,150,172,198,288,293,313,264,234,203,272,7.4,29.6,19.4,1.3,-52.5,-16.2,72.3,47.9,16.3,39.4,18.8,33.4,51.8,19.9,8.3,-5.5,14,58,48,3,-169,-34,84,96,43,96,47,70,84,30,11,-12,188,197,246,287,322,212,117,201,265,243,249,209,163,153,139,225
Montana,Beaverhead County,30001,-2.50,-1.31,-14.12,46.23,98.06,-33.63,-36.75,1.69,16.25,-1.71,4.38,4.24,4.63,0.29,0.99,,-10,-6,-73,227,469,-258,-279,9,71,-8,19,25,32,2,6,,401.03,459.01,514.68,491.70,478.14,766.88,760.45,516.25,434.39,462.91,431.11,599.57,691.99,696.97,565.41,,6.5,8.4,-12.2,30.9,24.1,-41.3,-34.6,3,-3.9,0,1.6,7.9,7.2,21.4,7.2,-6.5,31,37,-66,183,151,-371,-232,13,-17,0,12,56,43,92,25,-45,476,447,544,592,624,898,670,455,458,618,724,711,597,430,357,689,2.9,0.8,-2.1,20.3,-0.5,-26.0,-26.6,6.3,11.1,7.0,15.3,8.7,9.3,14.5,9.8,12.4,15,4,-13,151,-3,-162,-168,37,75,48,86,39,37,47,25,64,531,588,645,744,674,623,633,593,678,683,559,452,398,327,260,520
Montana,Judith Basin County,30045,24.18,38.11,15.75,0.40,-46.18,-30.83,37.41,20.78,7.47,-8.44,10.33,2.23,3.59,9.58,2.62,,22,29,16,0,-57,-41,25,18,6,-9,10,4,6,17,4,,91.00,76.03,101.08,115.54,122.62,131.55,67.68,84.45,86.54,105.94,95.17,187.82,165.07,177.05,137.41,,16.9,42.3,-0.5,-20.7,-64.1,-51.1,41.2,40,0.8,3.3,-1.7,-9.1,7.1,-0.4,-1.3,-27.9,14,33,0,-34,-125,-91,25,30,0,6,-3,-19,10,0,-1,-72,85,80,123,166,195,178,61,75,96,188,175,215,146,137,104,258,10.5,19.9,31.7,4.6,-62.9,-46.0,28.1,30.7,-2.4,17.7,3.8,7.0,13.1,-4.8,-1.5,-32.9,11,27,46,7,-105,-65,21,44,-4,33,5,10,14,-5,-1,-91,112,139,147,169,167,143,75,144,180,186,149,144,111,112,103,277
Montana,State Total,30000,2.81,7.23,5.81,6.96,17.93,9.49,4.85,11.96,11.41,9.28,8.96,8.43,8.55,7.28,6.52,,1644,4386,3789,4304,10906,6128,3164,7541,6608,5029,4940,5661,6153,4906,3445,,58598.26,60635.08,65174.88,61850.01,60819.06,64604.58,65245.36,63056.09,57936.06,54168.43,55149.54,67138.60,71947.69,67355.42,52854.11,,4.3,10.5,7.8,5,-0.4,-7,3,11.2,11.4,8.9,7.2,6.9,9.8,11.5,9.4,5.9,2675,5832,4456,3154,-287,-4889,1765,5656,5898,5842,5285,4911,5569,4762,2929,3698,61808,55453,56667,62470,67657,69460,57354,50063,51301,64956,72903,70202,56418,41238,31068,61911,5.9,11.7,9.2,3.6,-7.8,-8.9,9.8,16.5,12.8,9.4,6.7,8.9,8.1,7.3,4.3,2.5,3221,6618,5789,2446,-4943,-5011,4680,9477,8623,6356,3873,3895,2874,2218,1245,1466,53904,56416,62830,67240,62631,55997,47368,57260,66969,67420,57715,43712,35311,30226,28612,56463
Montana,Big Horn County,30003,-7.67,-6.91,-5.53,-11.35,-28.00,-26.58,-10.24,2.76,3.62,3.22,6.83,4.78,5.42,1.49,5.75,,-92,-93,-79,-140,-281,-263,-92,21,24,19,45,36,38,9,26,,1199.99,1351.38,1432.17,1230.64,1002.74,988.84,895.70,747.41,657.18,591.94,661.80,753.95,709.55,635.51,460.52,,7.5,-3.1,-15.2,-15.1,-25,-29.7,8,-4,-0.7,-1.6,-2.9,5.3,-5.3,-0.1,-3.8,-6.1,100,-39,-185,-185,-319,-340,54,-28,-5,-14,-25,41,-35,0,-13,-33,1334,1274,1219,1224,1276,1144,676,697,766,885,860,760,669,447,349,536,5.8,1.1,-5.8,-11.4,-36.5,-20.3,15.2,3.8,4.3,-2.9,0.4,-2.8,2.0,-3.4,-8.4,-8.8,68,14,-82,-152,-410,-191,107,35,38,-25,3,-16,9,-12,-24,-49,1178,1249,1413,1337,1122,939,707,902,888,867,780,583,457,347,284,558
Montana,Blaine County,30005,13.00,10.60,1.41,-0.81,-20.55,-12.03,14.63,19.76,23.06,17.69,1.06,3.94,6.23,-2.07,-0.02,,65,58,9,-4,-107,-58,55,71,72,51,3,17,26,-7,0,,500.02,547.93,607.46,536.35,519.85,480.83,376.00,360.72,313.66,288.90,322.57,425.26,423.61,353.33,300.07,,7.6,1.4,-8,-19.3,-40.1,-40.2,9.1,-3.6,-2.4,-4.7,-2.2,-10.1,-1.9,-13.6,-10.3,-10.7,43,7,-47,-118,-263,-258,28,-12,-8,-23,-11,-46,-7,-39,-22,-51,561,531,584,613,655,642,315,330,356,493,492,462,373,287,222,476,9.1,4.5,-3.6,-6.5,-49.1,-33.0,9.7,9.2,1.0,-2.8,-4.5,2.6,1.9,0.1,-7.9,-9.6,50,27,-25,-45,-321,-172,32,44,5,-14,-19,8,5,0,-21,-44,548,597,699,703,653,520,338,478,506,515,434,334,274,242,269,463
Montana,Broadwater County,30007,32.72,46.73,9.51,6.97,-19.79,-3.19,64.20,64.62,48.69,20.84,36.17,20.66,34.01,37.54,28.06,,89,115,32,23,-73,-11,132,150,126,69,117,94,154,145,105,,272.00,246.03,336.03,327.19,366.54,353.27,205.24,232.05,258.25,333.51,324.60,454.17,452.94,386.80,372.47,,36.4,93.2,54.7,13.7,-36,-19.2,119.5,66,70.9,40.3,28.1,29.4,44.8,40.1,35.6,6,89,157,131,42,-119,-56,144,135,137,135,106,98,135,97,64,23,246,169,241,313,331,292,121,204,193,335,377,335,301,242,181,378,7.9,35.2,40.0,7.4,-57.0,-10.9,92.6,81.3,52.6,45.7,53.6,37.0,36.9,38.5,43.4,10.7,17,81,96,20,-169,-25,94,156,134,111,119,73,62,57,56,31,225,232,241,272,297,231,102,192,256,242,222,199,170,148,129,288
Montana,Carbon County,30009,13.92,28.49,36.35,-2.73,-39.42,-28.42,51.79,46.33,33.16,21.95,15.50,7.55,12.80,13.90,3.50,,51,111,155,-15,-246,-161,156,193,162,113,87,61,123,113,27,,366.06,388.36,426.83,551.07,623.92,567.17,300.41,417.55,488.15,512.49,562.78,806.17,959.25,811.24,774.90,,6.7,26.9,22.6,-8.7,-55.2,-32.5,44.2,34.3,24.2,17.3,17.6,9.4,25,24.3,16.3,-7.9,26,116,115,-54,-389,-205,151,133,113,123,153,77,176,116,64,-71,395,431,508,630,704,631,341,388,466,713,867,825,704,480,395,892,15.5,33.7,42.9,-3.3,-50.4,-21.7,120.2,88.8,50.0,23.5,22.1,23.3,37.2,21.9,9.7,-17.5,69,159,214,-21,-350,-111,260,339,296,165,134,103,125,75,35,-163,443,472,498,654,693,512,216,381,592,699,606,441,337,344,368,932
Montana,Carter County,30011,32.05,31.83,62.48,6.54,-5.83,-1.01,60.05,69.64,51.05,43.15,5.23,24.80,33.98,24.57,-7.97,,26,22,25,4,-3,-1,33,35,21,15,3,24,33,29,-6,,81.03,69.03,40.62,57.26,57.34,68.69,54.98,50.70,40.39,34.93,59.87,96.95,97.77,117.20,72.80,,34.7,41.1,0,-19.7,-55.1,-52.8,35.5,-28.1,-13.5,-1.6,-5.7,11.1,6.2,-6.7,-14.9,15.7,10,16,0,-17,-70,-58,11,-14,-9,-1,-6,12,4,-5,-10,18,30,40,57,88,127,110,31,51,71,102,109,111,78,75,71,114,-17.8,5.6,17.5,-7.9,-68.9,-43.7,18.1,-3.4,17.1,-3.0,-2.2,-7.8,-1.6,-16.6,-28.4,-18.9,-12,4,19,-9,-68,-40,10,-3,16,-3,-1,-7,-1,-12,-20,-29,69,83,109,118,99,91,60,105,95,117,85,90,80,76,71,156
Montana,Cascade County,30013,1.53,-8.12,-5.98,-5.68,17.75,18.18,-4.73,-3.40,-1.96,-2.11,0.30,2.57,1.92,3.62,6.12,,82,-475,-345,-288,863,946,-283,-193,-91,-90,13,140,106,176,239,,5321.32,5850.32,5777.29,5077.30,4863.04,5202.06,5980.85,5657.64,4633.91,4269.26,4453.64,5457.80,5534.54,4864.08,3910.52,,-2.9,-6.4,-11.6,-8.5,2.6,-1.8,-6.1,-5.7,-8.4,-4.5,-2.3,1.7,1.4,2.6,5.9,1.2,-175,-343,-640,-492,157,-109,-311,-268,-427,-275,-147,94,66,94,169,75,5886,5365,5520,5770,5991,5875,5032,4665,5065,6095,6249,5420,4586,3503,2857,5888,-1.5,-9.8,-8.8,-10.2,-11.6,-2.8,0.9,-8.0,-2.4,-3.1,-4.5,-1.1,-0.7,-0.5,2.9,1.5,-89,-633,-590,-668,-663,-137,47,-543,-165,-185,-236,-46,-25,-16,79,83,5647,6445,6651,6531,5704,4867,5066,6777,6620,5920,5217,4140,3540,3048,2681,5283
Montana,Chouteau County,30015,9.40,39.58,4.18,-4.29,-22.42,-27.67,28.87,19.40,26.23,18.74,1.76,11.52,13.49,4.48,2.11,,24,90,18,-19,-91,-115,83,54,70,49,5,44,55,19,7,,255.03,227.10,436.74,439.89,404.77,416.17,286.34,280.57,267.76,262.75,302.68,380.21,410.62,423.07,309.46,,115.2,98.6,3.4,-7.6,-45.1,-39.4,17.9,19.8,10.9,-1.8,-6.6,0.6,8.7,10.1,6.4,-15,231,216,13,-35,-239,-187,42,44,31,-7,-32,2,29,26,13,-87,201,219,399,461,531,475,235,224,286,401,481,463,334,258,210,579,76.7,67.9,29.4,-1.4,-46.3,-32.7,46.1,20.6,26.7,5.3,-6.1,13.3,6.4,-0.4,-3.1,3.2,174,188,121,-7,-202,-113,92,70,104,24,-22,34,15,-1,-7,16,227,277,412,481,437,345,200,341,391,455,376,262,239,254,256,515
Montana,Custer County,30017,-2.63,-12.41,-12.73,12.29,-9.82,-14.48,5.49,20.88,17.90,10.65,9.33,15.80,3.87,4.81,-6.17,,-17,-96,-97,85,-70,-122,35,141,105,66,58,127,33,36,-39,,654.22,774.10,759.74,691.06,713.02,839.58,638.93,677.50,588.63,622.69,622.88,806.55,859.73,757.59,634.11,,-3.9,5.1,1.2,7.2,-19.4,-25.9,-2.3,6.3,7.7,1.6,4.5,1.3,4,5.8,7.9,5.8,-30,33,9,57,-158,-244,-14,38,45,13,40,11,29,28,32,59,779,651,706,792,815,939,617,597,589,841,890,843,733,489,411,1006,7.0,-0.6,6.8,2.0,-32.7,-36.0,12.6,14.9,4.4,0.7,0.1,1.6,3.4,9.2,4.3,7.0,47,-4,53,19,-305,-342,67,112,39,6,1,9,17,41,20,66,668,812,776,922,932,951,530,751,890,883,803,572,498,445,480,935
Montana,Daniels County,30019,5.33,7.78,1.60,-7.95,-34.28,-12.44,80.96,26.65,28.69,-6.81,0.45,-1.11,5.73,-7.73,-21.02,,4,8,2,-8,-34,-11,38,20,22,-5,0,-1,9,-10,-26,,75.00,102.06,102.36,103.21,100.43,90.22,46.42,73.43,75.38,72.97,70.68,119.32,152.27,133.30,121.55,,70.4,45.4,12.8,-21.5,-63.5,-47.6,29.9,2,23,2.4,11.6,-8,-7.9,-10.2,-21.7,-10.9,41,31,11,-25,-83,-67,17,1,13,2,16,-13,-11,-11,-23,-30,59,70,88,116,132,141,58,74,60,119,142,162,149,115,107,273,12.6,26.0,15.1,-15.0,-69.5,-50.3,15.6,12.3,-3.5,13.2,-9.9,10.1,12.8,3.2,-3.7,-8.8,10,24,17,-25,-131,-75,8,13,-5,19,-17,12,14,3,-4,-24,79,93,115,168,189,149,53,106,149,148,180,119,113,99,118,274
Montana,Dawson County,30021,-0.38,-10.10,-0.85,17.47,2.60,-5.37,4.42,-1.03,5.27,14.00,6.67,0.38,-1.86,-6.06,-12.69,,-2,-60,-5,90,13,-32,23,-5,26,63,30,2,-13,-41,-59,,508.92,595.11,568.84,514.16,485.38,591.80,521.92,525.40,491.11,447.38,455.60,622.65,685.77,676.00,467.29,,16,20.2,1.6,8.5,-15.6,-27.7,7.8,-3.7,13.9,13.1,-1.5,4.4,-3,-3,-2.2,5,77,85,7,47,-99,-206,36,-17,57,74,-11,32,-17,-13,-8,39,484,422,479,554,636,741,459,467,414,570,758,717,569,444,350,778,10.2,10.2,-3.9,-8.6,-40.3,-30.8,2.8,1.0,-1.4,-4.9,-1.3,-6.6,2.2,-10.1,1.4,1.8,44,51,-26,-69,-313,-210,11,5,-11,-39,-8,-35,9,-46,5,13,434,506,664,806,777,681,407,573,793,798,634,532,409,457,392,764
Montana,Deer Lodge County,30023,-13.78,-13.91,-21.96,16.18,9.40,-19.15,20.11,15.67,29.55,18.18,11.90,28.35,19.83,15.92,10.57,,-52,-49,-96,79,44,-124,98,70,127,93,67,174,137,115,59,,378.08,354.28,435.68,485.45,467.08,649.37,487.91,448.68,429.95,511.08,563.89,615.52,690.14,720.34,558.01,,13,16.1,5.3,22,-23.4,-38.3,2.2,35.5,21.8,10.5,7.9,9.3,12.1,9.1,10,-7.4,49,66,24,119,-155,-287,9,136,104,62,57,71,73,45,36,-66,380,413,446,540,661,749,437,385,477,589,724,761,598,497,365,888,-5.9,9.5,11.4,21.4,-33.7,-51.5,-15.0,-0.5,4.0,4.3,-0.2,8.7,4.9,3.1,-5.3,-23.3,-28,47,68,132,-223,-423,-86,-3,29,34,-1,46,22,13,-24,-262,477,496,601,615,662,820,572,607,727,780,659,526,447,439,463,1122
Montana,Fallon County,30025,-2.54,-1.18,4.72,-0.67,-10.93,19.44,46.26,-3.66,5.52,0.49,27.55,0.60,-5.29,-6.97,-2.68,,-5,-3,11,-1,-17,31,58,-7,9,1,34,1,-14,-15,-4,,199.06,256.03,227.27,194.30,153.81,159.07,124.44,188.90,170.58,156.23,124.65,174.95,271.36,208.53,145.90,,11.3,42.5,8.8,-14.6,-41.7,-19.2,75.7,20.5,3.7,-4.1,9.7,-2.4,-1.4,25.4,-12.1,3.8,22,57,12,-27,-92,-46,74,27,4,-7,25,-5,-2,24,-15,10,201,135,142,186,221,239,98,131,124,190,261,237,168,95,127,257,2.6,7.9,-10.3,-19.5,-62.1,-33.3,44.8,9.6,-4.2,-0.5,3.6,-8.4,-10.8,-9.2,-9.3,-9.4,3,13,-26,-57,-162,-66,39,17,-11,-1,6,-10,-18,-14,-14,-23,138,175,253,295,261,199,88,178,275,246,179,128,172,152,154,248
Montana,Fergus County,30027,6.50,11.14,9.33,-1.55,-25.03,-4.37,45.32,21.17,17.79,1.88,1.59,4.05,2.73,1.51,-3.08,,38,67,61,-10,-161,-29,196,118,102,11,9,32,25,13,-25,,584.03,601.06,654.92,615.53,644.22,655.65,432.16,557.07,573.89,580.07,596.54,782.30,899.46,869.90,797.60,,16.3,19.2,1.7,-14.1,-47.7,-36.6,32.4,24.7,10.1,7.1,2.3,8.7,23.3,15.6,13.9,2.1,90,98,11,-109,-411,-329,142,117,56,54,22,78,175,93,70,25,555,512,633,769,862,897,440,473,561,765,947,897,751,594,502,1184,8.7,3.6,4.5,-10.1,-53.7,-34.5,20.4,10.5,11.4,7.6,7.1,6.1,13.5,6.6,3.5,11.4,51,27,38,-101,-513,-250,94,74,100,67,54,39,73,32,20,124,586,752,833,1000,955,726,464,705,874,881,768,642,537,485,579,1092
Montana,Flathead County,30029,3.84,16.39,12.80,-1.08,-17.16,7.64,42.35,30.76,23.36,16.89,14.68,12.94,15.84,14.29,12.55,,213,895,766,-64,-1012,439,1865,1628,1259,876,794,827,1119,968,654,,5553.79,5456.46,5988.63,5962.40,5899.04,5748.86,4403.20,5291.48,5392.50,5186.21,5405.47,6387.36,7065.53,6769.50,5208.25,,1.2,19.2,29.4,9.6,-19.3,-2.2,55,42,34.7,21.8,17.6,15.7,18.6,18.5,14.3,17.7,70,948,1342,510,-1094,-123,1939,1572,1431,1202,1143,1019,944,672,389,841,5842,4939,4565,5301,5667,5528,3526,3740,4123,5503,6464,6458,5068,3621,2718,4750,5.5,28.0,29.5,8.5,-27.7,-0.1,69.5,52.4,34.1,21.7,14.8,20.8,17.9,16.9,16.8,16.2,239,1169,1310,435,-1367,-4,1709,1950,1707,1214,708,715,497,385,349,630,4348,4167,4435,5123,4924,3820,2457,3718,4998,5590,4775,3429,2769,2271,2073,3882
Montana,Gallatin County,30031,1.57,20.14,15.50,51.20,192.81,67.10,-13.46,10.77,12.47,13.44,12.22,13.16,13.79,13.80,12.55,,94,1117,926,2753,9378,4259,-1378,869,867,789,629,738,796,711,477,,5948.49,5543.43,5976.51,5377.70,4863.90,6347.18,10237.82,8070.68,6953.09,5868.37,5146.10,5608.11,5771.05,5151.98,3804.68,,-2.8,15.7,19.7,57.5,148.7,39.9,-22.9,5.6,20.1,17.4,11.1,7.4,11.8,10.7,12.6,26.3,-174,723,803,2346,6292,2338,-2089,315,875,853,605,380,449,266,208,787,6079,4591,4071,4074,4230,5858,9100,5619,4345,4893,5451,5124,3785,2490,1654,2990,11.7,18.8,14.6,54.6,177.1,29.7,-29.5,16.3,17.3,15.1,10.8,8.2,3.2,10.8,2.1,8.3,431,649,546,2074,5816,1302,-1837,705,831,701,395,209,61,155,29,214,3661,3445,3734,3794,3283,4386,6223,4311,4797,4629,3648,2531,1906,1429,1374,2566
Montana,Garfield County,30033,-11.39,3.03,3.16,-11.83,-36.37,-9.02,54.23,21.39,18.09,3.34,1.59,-5.40,24.09,-12.26,-8.02,,-9,2,3,-9,-31,-5,21,11,12,2,1,-5,16,-13,-7,,79.00,66.00,83.37,72.59,86.43,54.96,38.25,53.55,68.59,60.96,60.04,86.68,66.08,108.28,85.89,,-7,-12.4,-3.4,-24,-56.5,-43.6,24.3,3.7,-4,6.1,-15.8,11.7,-2.6,28.1,18.4,-19.6,-6,-10,-3,-17,-50,-42,13,2,-2,5,-14,12,-2,17,9,-26,88,84,89,72,89,97,55,58,63,84,88,105,95,60,52,132,-1.2,-9.0,-22.4,-33.9,-65.2,-39.7,2.8,-18.7,-20.0,-15.4,5.0,-17.6,-20.4,-9.5,-37.7,-17.7,-1,-7,-25,-49,-103,-39,1,-19,-22,-19,4,-14,-14,-6,-25,-29,89,80,115,145,158,98,61,102,112,126,94,81,70,70,68,167
Montana,Glacier County,30035,5.08,3.64,-6.55,-9.83,-21.25,-18.01,5.18,5.50,5.01,4.94,2.94,-1.69,-3.95,-2.73,-1.93,,56,45,-85,-120,-232,-189,45,46,36,33,19,-15,-35,-17,-9,,1109.62,1226.30,1298.02,1216.63,1089.56,1051.41,875.61,835.99,712.32,657.49,659.59,887.96,876.67,616.85,462.96,,-6,-3.1,0.5,-8.5,-34.9,-28.4,5.9,6.2,6.5,6.7,-1.1,-10.2,-0.2,-2.6,-3,-6.6,-82,-40,6,-102,-501,-355,43,42,46,63,-11,-87,-1,-12,-10,-44,1382,1257,1108,1199,1433,1250,727,676,712,952,1048,849,606,469,353,657,3.2,-0.3,-2.0,-11.0,-38.9,-25.0,9.7,7.9,3.0,7.4,-2.6,-0.5,-2.1,-2.7,-12.2,-14.1,36,-4,-31,-159,-493,-241,67,75,33,64,-19,-3,-10,-9,-45,-91,1096,1236,1520,1448,1266,966,692,946,1091,866,730,594,484,368,371,645
Montana,Golden Valley County,30037,-13.69,38.58,66.54,-19.97,-57.30,-30.14,20.25,37.09,98.79,-31.71,-9.62,7.03,-5.83,1.06,4.48,,-6,12,19,-11,-36,-21,5,13,21,-12,-5,4,-4,1,3,,44.03,31.03,28.22,56.23,63.23,68.71,26.61,35.74,21.13,38.07,52.00,56.99,75.39,82.13,58.39,,-3.3,-0.9,14.6,-20.7,-68.4,-56.4,-37.3,49.1,-9.2,2.4,-10.7,13.2,14.9,-7.4,1.3,-32.2,0,0,8,-18,-58,-46,-12,13,-5,1,-9,10,8,-4,0,-39,28,56,54,88,85,82,33,26,59,61,91,77,57,65,45,121,-8.5,21.8,34.3,19.8,-52.9,-58.9,39.2,17.9,58.0,46.6,18.0,39.2,47.0,16.1,-5.2,-45.6,-5,15,22,13,-38,-38,16,9,33,27,9,22,16,8,-2,-51,61,72,64,68,73,65,41,51,58,59,54,56,34,55,46,112
Montana,Granite County,30039,0.00,43.95,30.14,-3.53,-21.89,-0.17,91.93,35.12,56.63,24.86,28.69,24.44,30.70,21.67,5.08,,0,43,36,-5,-36,0,63,47,63,33,39,58,81,64,13,,102.00,97.95,119.87,148.23,163.88,145.25,68.78,133.21,111.73,131.35,137.54,235.45,262.44,297.54,255.05,,16.7,40.5,16.7,-8.7,-70,-28.3,3.8,14,21.3,19.7,32,42.5,33.6,45.8,31.1,-4.9,17,42,23,-14,-166,-53,4,16,24,40,68,99,71,88,46,-14,102,104,140,162,237,190,106,118,116,202,213,234,212,192,150,281,-4.2,35.0,30.0,-5.1,-44.8,-32.8,39.3,36.9,22.4,37.3,32.5,33.2,44.8,31.9,5.2,-18.5,-6,43,55,-10,-87,-59,33,55,40,66,58,53,56,32,5,-47,149,125,186,200,194,180,83,149,178,177,180,161,125,101,101,256
Montana,Hill County,30041,2.12,-10.20,-8.64,-4.05,-11.93,-10.31,-7.86,-5.33,1.10,-4.61,0.91,0.30,-5.09,-11.17,-12.87,,30,-151,-113,-49,-139,-122,-92,-57,10,-39,7,3,-58,-110,-95,,1409.13,1480.99,1311.27,1206.87,1162.72,1182.97,1175.34,1065.85,899.12,837.59,787.80,963.11,1141.04,981.63,736.82,,-11.3,-7,-4.7,-1.1,-11.3,-26.9,-26.2,-2.6,-3,-5.2,-7.6,-2.4,-9.9,-3.1,-4.5,-13.1,-165,-90,-58,-13,-154,-405,-329,-24,-26,-58,-104,-27,-97,-18,-21,-149,1466,1291,1228,1224,1363,1506,1254,899,863,1096,1369,1152,976,597,479,1136,-8.8,-12.7,-11.9,-9.8,-16.7,-28.8,-20.5,-10.8,-8.4,-12.5,-13.3,-17.8,-12.5,-15.5,-11.7,-13.0,-120,-180,-188,-165,-253,-373,-226,-139,-132,-176,-166,-152,-85,-97,-76,-155,1365,1423,1581,1689,1518,1294,1101,1282,1556,1410,1242,853,681,625,649,1191
Montana,Jefferson County,30043,17.99,47.53,36.19,3.59,-37.81,-37.33,59.81,67.50,56.60,30.60,15.91,3.65,0.54,3.09,-3.24,,81,201,218,25,-303,-290,219,275,264,181,115,34,6,33,-27,,450.03,422.95,602.10,696.98,802.44,777.08,366.70,407.77,466.79,590.37,724.69,941.62,1090.09,1076.69,829.90,,29.7,48.3,49.1,4.8,-59.3,-48,81.5,79.1,49.1,22.7,16.1,18.4,21.8,9.8,6.4,12.6,136,225,266,36,-563,-387,211,268,242,182,159,183,171,56,24,61,459,466,540,745,949,805,259,338,492,802,988,993,787,578,384,484,24.6,49.4,67.0,11.0,-62.0,-34.7,73.7,75.3,54.2,33.2,15.9,12.8,22.0,23.5,20.2,9.9,107,247,385,80,-431,-183,210,354,362,260,118,73,83,61,49,37,437,501,573,723,694,527,285,469,668,783,742,572,379,259,243,377
Montana,Lake County,30047,5.60,8.16,2.91,0.20,-19.44,-13.73,6.35,16.48,17.40,15.03,17.38,18.05,23.03,21.87,15.32,,91,148,65,4,-387,-260,99,240,256,202,253,322,463,424,253,,1629.78,1816.75,2246.58,1949.15,1988.68,1894.15,1552.36,1454.32,1471.87,1344.05,1455.99,1784.91,2012.55,1938.12,1653.61,,8.9,8.9,9.2,-0.3,-26.7,-30.2,14.4,16,15.9,9.5,13.1,11.4,25.6,20.8,16.3,-5.6,183,159,169,-7,-586,-652,191,195,213,166,260,226,403,274,164,-121,2046,1783,1839,1936,2194,2157,1330,1217,1339,1752,1983,1980,1576,1319,1010,2153,15.7,31.5,21.4,14.0,-27.7,-21.3,31.4,51.7,38.2,29.8,30.0,38.4,32.4,26.4,20.7,-7.5,253,471,398,269,-514,-336,329,621,574,481,412,424,306,227,173,-142,1605,1496,1853,1921,1852,1579,1046,1200,1500,1612,1373,1104,945,859,836,1891
Montana,Lewis and Clark County,30049,8.54,13.60,9.88,4.60,-4.76,0.98,21.78,30.92,15.28,15.07,12.75,11.20,10.14,5.95,1.52,,315,511,406,187,-190,40,815,1170,557,520,479,523,492,278,56,,3688.11,3759.78,4113.67,4064.18,4000.29,4020.49,3742.89,3785.61,3646.05,3447.49,3758.70,4666.48,4851.13,4679.77,3675.20,,4.6,20.6,12.9,4.1,-6.9,-7.6,19.1,23.6,17.1,12.9,10.7,6,7.2,11.1,8.4,19.3,178,688,459,160,-289,-322,596,676,564,559,505,295,287,294,151,615,3886,3334,3550,3904,4142,4198,3114,2859,3297,4317,4721,4889,3950,2651,1796,3173,9.6,19.3,15.8,3.7,-13.3,-12.7,32.6,29.6,20.6,13.2,8.1,10.4,1.7,6.7,6.2,6.9,314,637,573,149,-480,-424,820,1011,834,593,320,290,38,114,93,198,3255,3297,3611,4042,3591,3319,2516,3410,4044,4488,3937,2783,2205,1703,1504,2872
Montana,Liberty County,30051,-12.50,4.42,-2.54,-26.43,-35.42,-19.96,-12.40,-3.91,-4.09,-10.98,-14.11,-29.07,-16.37,-16.85,-27.59,,-16,5,-3,-35,-55,-31,-16,-5,-5,-11,-19,-54,-32,-27,-33,,128.00,113.00,132.36,131.85,154.84,156.17,126.71,128.01,110.52,98.86,132.74,184.69,192.51,157.55,120.15,,70.3,67.9,37,26.2,-27.2,-33.1,76.4,11.4,39.7,21.7,8.8,-0.9,5.2,6.1,13.9,4.6,53,52,41,32,-48,-64,48,10,39,33,16,-1,6,6,11,11,76,78,112,124,177,194,63,91,98,151,180,166,132,106,84,236,2.3,-15.5,-12.3,-21.2,-65.2,-35.3,48.9,-4.2,-6.4,-2.1,-10.0,5.2,0.2,7.9,-15.1,15.4,2,-22,-25,-52,-123,-49,32,-6,-12,-3,-15,5,0,7,-15,30,109,147,203,249,189,140,66,162,196,175,150,109,95,99,102,195
Montana,Lincoln County,30053,2.44,5.68,13.52,-4.23,-43.67,-33.80,26.85,14.22,13.47,15.19,15.89,21.60,15.86,18.00,13.84,,20,51,134,-45,-484,-388,183,120,120,135,157,286,262,308,199,,815.11,897.06,990.13,1074.45,1107.82,1147.99,681.88,846.61,893.60,888.08,989.70,1326.51,1652.80,1709.35,1440.58,,9,16.6,14.7,-6.6,-54.1,-37.7,46.4,32.7,12.1,10.6,17.4,17.3,35.8,32.5,13.4,-4.4,81,151,142,-82,-833,-526,288,226,111,137,267,281,452,359,126,-69,895,912,965,1242,1540,1395,621,689,916,1289,1529,1629,1262,1102,939,1548,6.8,12.2,14.0,-10.8,-60.6,-40.4,26.4,23.5,14.4,13.6,12.6,22.0,33.1,44.9,14.5,4.0,62,136,192,-171,-959,-479,194,251,201,206,159,236,289,296,90,45,912,1113,1371,1574,1583,1186,734,1070,1392,1514,1262,1074,874,659,622,1126
Montana,McCone County,30055,-8.30,21.33,16.67,7.95,-31.73,-1.18,49.30,29.13,5.89,9.10,6.41,3.14,1.92,2.33,-7.38,,-8,16,17,7,-33,-1,30,19,5,7,5,4,3,4,-9,,97.06,75.00,101.14,88.93,102.54,98.15,60.95,66.60,78.38,77.91,78.94,125.08,144.24,151.46,118.76,,17.5,37,-5.7,-25.4,-61.5,-40.8,28.3,23.8,-9.9,-14.8,-8.8,2.1,0.2,-3.4,-4.2,-14.2,14,23,-6,-34,-101,-49,17,15,-8,-22,-14,3,0,-3,-4,-31,84,64,109,135,164,120,61,64,89,150,169,156,138,104,97,217,15.2,13.6,13.7,-37.8,-71.1,-63.6,18.3,21.5,-0.7,-16.5,-4.9,5.4,1.5,-11.0,-3.7,-23.2,14,16,20,-73,-152,-114,14,26,-1,-32,-7,5,1,-13,-3,-51,96,120,146,193,213,179,77,122,172,193,150,108,102,120,95,221
Montana,Madison County,30057,11.98,26.45,4.17,4.92,-12.97,10.01,67.63,44.32,16.09,10.52,28.63,20.81,27.08,22.82,18.98,,38,78,15,18,-52,37,188,157,59,42,109,113,170,169,121,,317.03,294.98,362.86,365.04,399.86,370.88,277.40,354.76,363.50,399.94,381.71,542.98,628.71,742.55,638.74,,24.1,53.5,23.5,-4.2,-38.1,-24.9,78.8,32,24.9,16.7,19.2,35.1,38.9,37.2,9.5,3,69,125,76,-16,-178,-119,161,97,78,80,106,208,201,150,34,19,287,235,324,394,468,479,205,304,315,483,553,592,516,404,359,630,3.7,17.6,22.2,7.0,-53.5,-23.0,25.1,32.0,31.4,19.3,28.0,40.6,45.8,21.9,8.7,4.8,12,60,86,32,-243,-92,64,121,139,98,122,138,133,59,25,24,321,343,389,451,455,403,255,379,444,512,438,339,290,272,296,492
Montana,Meagher County,30059,25.58,-0.98,17.91,25.37,-33.37,-41.16,40.06,14.00,21.82,26.26,-0.22,5.75,15.99,16.95,25.01,,22,-1,16,22,-35,-52,23,12,19,19,0,7,26,27,34,,86.00,102.00,90.74,86.94,103.56,125.77,57.83,88.60,85.37,72.07,93.20,123.87,162.95,157.33,137.59,,-10.9,-19.2,5.7,-15.7,-55.2,-37.6,38.5,5.9,27.4,0,13.2,21.7,11.5,48.4,4.8,7.3,-11,-20,5,-23,-74,-54,24,4,20,0,20,30,17,46,4,13,101,106,98,149,134,144,63,70,74,127,155,141,149,96,84,178,-15.1,16.0,3.6,5.4,-53.6,-46.7,25.7,12.6,12.7,19.3,21.7,22.0,23.0,8.2,-3.5,5.9,-17,20,4,7,-73,-61,15,14,18,25,29,20,20,8,-2,9,116,130,135,136,137,131,59,114,144,133,134,91,88,98,82,152
Montana,Missoula County,30063,-1.32,-1.20,0.17,22.53,105.99,29.73,-27.99,-10.80,-1.82,1.58,2.74,2.36,-0.62,1.31,0.96,,-75,-73,11,1380,6176,2261,-3324,-1032,-140,99,166,159,-43,90,51,,5684.88,6074.61,6607.59,6123.17,5826.94,7603.43,11876.71,9549.79,7702.24,6235.32,6082.54,6729.89,7022.33,6881.69,5333.91,,2.1,6.5,3.6,28.3,92.4,24.2,-26.7,-9.6,0.7,3.4,3.3,2.5,3.1,4.6,4.5,13.7,139,372,205,1702,5855,1898,-2847,-683,45,235,242,185,185,185,119,657,6383,5683,5641,5996,6331,7817,10639,7060,6180,6809,7337,7362,5949,3982,2628,4779,8.1,10.6,6.6,28.3,96.8,22.0,-13.4,4.4,8.7,7.3,5.1,3.2,0.1,0.8,3.5,9.7,429,583,400,1732,5253,1296,-979,298,612,529,317,141,6,20,78,421,5255,5471,6020,6104,5425,5887,7263,6715,6991,7167,6111,4389,3163,2499,2229,4335
Montana,Musselshell County,30065,4.35,7.27,29.38,-7.00,-29.98,-27.69,51.25,55.35,19.75,39.23,6.23,19.40,21.44,15.68,-0.17,,9,15,63,-19,-82,-74,69,84,37,87,16,62,80,67,-1,,207.00,206.03,214.10,273.11,274.20,266.89,134.87,151.27,187.89,221.21,251.33,321.60,371.38,429.63,345.60,,-4.4,16.2,19,-2.3,-53.3,-55.6,38.8,19.2,36.7,19.7,9.8,16.9,25.3,32.1,14.7,-10.1,-9,38,43,-6,-158,-201,53,37,68,56,37,71,83,74,25,-39,221,235,230,277,296,361,136,195,187,285,380,420,329,230,171,385,-6.4,36.8,43.0,15.5,-59.9,-29.6,26.7,46.0,46.7,42.2,18.9,24.5,30.9,24.2,-9.4,-12.2,-15,75,89,48,-201,-83,40,91,125,133,59,53,54,38,-19,-55,246,206,209,311,336,282,152,198,267,315,315,217,175,159,201,454
Montana,Park County,30067,7.92,7.08,6.18,-1.09,-27.41,20.14,98.02,43.35,17.90,4.44,2.65,14.88,16.40,9.38,11.26,,58,51,52,-9,-256,155,524,338,167,46,26,179,217,122,116,,730.14,719.12,848.59,797.67,932.65,767.43,534.28,779.91,933.83,1043.66,984.92,1200.34,1325.57,1305.51,1028.18,,-1.1,-0.4,0,-20.8,-50.4,-19.3,42.5,40.6,9.2,5.3,0,-3.2,6.2,13.4,9.1,-10.7,-9,-3,0,-204,-564,-192,283,307,85,63,0,-48,68,99,50,-136,853,792,933,982,1118,996,667,755,930,1186,1408,1489,1103,738,548,1268,4.8,3.6,5.6,-13.7,-34.5,2.9,85.0,33.6,8.9,4.0,-2.7,6.1,0.9,0.4,-3.9,-6.7,43,35,60,-158,-353,22,434,304,118,60,-34,49,6,2,-22,-84,897,958,1071,1151,1021,770,511,905,1324,1496,1249,794,661,599,586,1244
Montana,Petroleum County,30069,54.55,44.44,-11.86,-25.69,-41.79,-37.07,151.05,63.00,-9.20,41.14,18.90,10.87,24.25,23.17,-15.98,,6,8,-3,-7,-17,-12,16,8,-2,5,6,5,11,8,-5,,11.00,18.00,26.09,25.57,41.23,33.37,10.76,12.88,23.13,12.04,31.96,45.10,43.46,32.48,32.13,,98,39.9,15.8,-2.8,-67.1,-58.2,20.5,-22.5,5.5,58,64.4,-3.7,-3.8,32.7,46,-42.3,12,7,5,-1,-22,-19,4,-3,1,18,17,-1,-1,9,10,-25,13,18,36,35,33,33,19,16,31,31,27,36,37,27,21,59,38.3,30.2,-24.9,-8.0,-45.3,-53.6,32.9,-19.4,-22.5,0.7,12.2,10.2,-17.2,-10.8,0.6,-16.2,9,8,-11,-2,-16,-20,7,-8,-8,0,4,2,-5,-2,0,-7,26,27,44,35,35,38,23,42,37,41,35,26,33,26,21,44
Montana,Phillips County,30071,4.38,13.23,12.07,-10.52,-27.88,-27.33,41.18,28.00,2.73,4.03,9.35,3.30,3.72,1.13,5.62,,11,34,30,-29,-73,-79,59,49,6,7,21,12,12,4,13,,251.00,257.00,248.05,273.80,263.44,287.59,143.08,174.23,209.30,161.50,223.14,358.17,333.58,321.37,229.12,,12.9,37.7,14,-15.1,-63.6,-52.2,50.3,15.2,4,6.9,-4.7,-4.4,14.2,5.4,17.4,-3.7,28,74,32,-52,-256,-197,71,21,8,24,-18,-16,34,12,31,-16,216,197,234,346,403,377,141,141,219,347,390,372,244,224,179,425,-3.1,1.7,0.5,-21.0,-69.8,-59.0,-2.5,-2.8,-6.2,-1.4,-6.0,-3.7,0.5,-8.6,-11.4,1.3,-7,5,2,-100,-327,-207,-5,-10,-27,-5,-17,-10,1,-19,-22,5,243,341,403,477,468,350,227,361,431,396,290,266,233,222,195,422
Montana,Pondera County,30073,11.52,7.41,-13.40,-9.66,-30.16,-15.81,14.60,5.37,2.01,3.70,-1.82,-1.00,2.11,2.70,-3.98,,42,27,-61,-39,-132,-62,42,17,6,11,-6,-4,9,10,-12,,364.04,364.96,456.11,407.34,436.71,390.77,290.57,310.35,298.00,292.18,313.70,442.41,447.54,381.71,296.82,,26.8,11.4,7.1,-17.1,-50.6,-42.6,29.4,12.6,6.8,8.1,-8.3,-0.2,-1.9,13.9,-0.7,13.9,95,41,29,-81,-310,-236,68,34,21,35,-45,0,-7,39,-1,74,356,362,408,474,613,554,234,269,310,435,540,428,372,281,228,529,4.8,17.3,11.0,-9.3,-57.9,-31.6,16.4,9.6,1.3,-0.1,0.9,0.2,1.7,-1.6,1.6,-5.9,18,70,62,-57,-327,-128,44,38,7,0,3,0,4,-4,4,-32,395,407,565,613,564,407,273,403,545,453,408,335,270,274,259,535
Montana,Powder River County,30075,-4.26,-14.52,11.70,6.76,-34.92,-23.70,54.16,10.77,9.54,14.53,0.27,12.32,27.16,8.64,-2.08,,-4,-9,8,5,-46,-28,25,7,7,9,0,18,36,14,-3,,94.00,62.00,68.93,78.68,130.60,116.65,46.06,69.51,69.38,61.99,97.74,143.34,131.33,157.40,127.66,,17.5,25.2,14.9,-7.5,-69,-43.2,32.8,-6.1,29.8,20.2,-13.1,2.2,10.9,16.6,1.9,7.8,10,15,17,-9,-104,-54,17,-4,22,24,-20,3,14,15,1,15,57,62,113,130,151,125,52,68,75,123,157,162,127,90,77,191,12.7,6.0,-7.4,-25.8,-61.1,-54.3,3.6,3.5,-2.1,0.2,-1.2,2.3,-12.8,-18.4,-14.1,-21.2,12,7,-12,-44,-89,-83,2,4,-3,0,-1,2,-13,-18,-16,-41,100,124,166,170,146,153,75,119,160,166,138,100,103,100,119,196
Montana,Powell County,30077,6.72,0.01,-2.25,-0.43,21.67,28.14,6.58,16.26,16.35,9.52,9.39,-8.97,-8.66,-9.22,-6.44,,18,0,-7,-1,79,107,25,69,67,42,43,-56,-50,-48,-26,,268.00,263.96,316.12,285.22,365.75,381.60,386.55,425.78,407.40,440.10,456.17,620.67,576.98,516.64,410.41,,16.1,4.9,8.3,-3.3,-15.4,-10.1,8.9,16.3,0.5,2.9,-2.7,-0.8,5.7,23.2,2.6,-15.6,43,13,28,-13,-72,-48,33,63,2,18,-17,-5,26,73,7,-85,268,266,339,399,471,483,377,390,475,635,644,600,455,315,289,542,8.3,8.0,13.6,9.7,-7.5,13.4,33.0,14.2,4.4,0.3,-2.4,-4.9,9.2,6.6,7.3,1.0,26,29,56,42,-30,47,119,81,28,2,-12,-20,30,16,16,4,317,372,417,438,405,355,361,570,641,626,506,412,331,252,228,471
Montana,Prairie County,30079,14.29,-6.15,-5.96,-31.27,-44.88,-14.79,30.75,35.93,-4.69,19.37,-2.27,9.14,7.04,7.87,-2.64,,9,-4,-4,-18,-25,-7,12,14,-2,10,-1,6,6,8,-3,,63.00,65.00,60.61,58.20,56.24,48.12,38.24,39.73,51.41,51.10,42.98,66.89,87.82,104.76,108.87,,31.2,42.6,11.4,-13.3,-28.7,-46.5,59.1,5.5,14.7,25.4,7.8,6.8,11.7,15.3,39.7,-5.2,14,17,5,-7,-16,-34,19,2,5,14,6,7,13,12,18,-8,45,41,50,56,56,74,32,49,38,58,86,112,116,81,47,151,-5.6,-0.4,-20.0,4.8,-70.5,-49.3,7.5,3.6,9.5,26.3,12.2,11.7,0.2,-0.3,-14.0,-29.7,-3,0,-14,3,-79,-48,2,2,7,23,13,9,0,0,-10,-66,54,58,71,71,112,97,34,57,83,89,107,82,65,63,73,224
Montana,Ravalli County,30081,5.25,18.62,10.36,1.00,-27.29,-22.76,41.18,40.35,26.50,15.92,14.53,18.28,32.48,26.43,23.43,,100,353,232,25,-713,-556,629,695,520,330,341,527,956,808,649,,1900.16,1896.82,2238.96,2448.48,2611.83,2444.47,1527.07,1722.85,1962.03,2073.93,2347.79,2885.60,2943.90,3058.60,2768.46,,11.3,17.1,22.1,-1,-43.7,-32,47.8,35.5,24.2,24.5,14.6,14.9,26.7,25,17.5,7.4,226,355,475,-25,-1227,-829,645,555,468,590,407,440,678,507,291,219,1983,2072,2140,2505,2807,2587,1348,1561,1930,2408,2778,2954,2535,2030,1656,2957,13.7,55.8,61.9,25.0,-33.6,-7.1,102.2,95.1,71.1,51.1,46.6,48.8,51.5,43.6,29.1,23.5,260,900,1081,519,-687,-122,989,1197,1194,1038,880,762,665,473,316,490,1890,1611,1744,2073,2041,1707,967,1258,1678,2029,1888,1561,1289,1084,1084,2084
Montana,Richland County,30083,0.38,11.44,30.99,20.22,-5.44,22.94,57.07,41.15,25.08,21.32,22.10,12.47,-2.84,-7.20,-10.66,,3,89,202,117,-35,151,268,223,141,123,117,86,-24,-48,-53,,756.11,777.08,652.71,579.76,640.88,658.03,469.21,542.70,562.85,576.18,528.27,689.07,856.28,667.00,501.48,,8.6,22,12.1,-3.8,-40.8,-28.2,58,32.3,5.9,6.8,3.9,3.4,-6.4,4.6,5.6,-9,51,103,69,-27,-335,-217,210,143,31,46,35,25,-40,19,17,-68,597,471,575,707,819,771,361,445,521,679,887,717,632,411,303,751,3.4,7.9,-8.6,-22.4,-62.5,-41.4,14.8,0.1,-6.4,-12.5,-9.7,-11.7,-7.4,-0.9,-3.2,1.9,19,52,-78,-222,-614,-318,67,0,-62,-106,-72,-64,-32,-3,-13,14,558,663,912,993,982,768,453,701,966,848,745,551,430,354,406,730
Montana,Roosevelt County,30085,-4.89,-8.33,-2.85,-3.39,-19.56,-22.48,9.64,7.22,3.68,10.81,16.12,7.69,1.24,-8.62,-8.59,,-53,-95,-30,-30,-156,-195,68,45,19,52,67,47,8,-46,-28,,1088.22,1134.53,1060.21,891.20,798.11,868.16,700.45,616.50,526.64,478.28,414.23,607.29,637.09,537.34,324.90,,-3,-13.6,-6.2,-11.5,-31.6,-28,20.2,6.6,3.6,1.5,-1.7,-5,-8.6,-6.1,-0.9,-9.8,-33,-141,-54,-119,-344,-259,100,34,18,10,-14,-36,-43,-22,-2,-57,1093,1034,883,1032,1089,923,498,524,511,719,818,713,508,365,258,580,-10.1,-9.8,-16.7,-22.8,-49.8,-33.4,-3.2,-8.2,-9.6,-8.5,-11.7,-10.8,-15.4,-14.0,-15.3,-12.3,-102,-115,-228,-283,-523,-283,-18,-69,-95,-74,-79,-53,-66,-54,-52,-86,1005,1174,1357,1238,1050,848,571,843,984,862,671,494,431,389,339,705
Montana,Rosebud County,30087,-9.60,-14.10,-9.81,-18.67,-37.66,-30.20,13.47,-19.72,-5.51,-12.35,-1.18,-5.09,-17.95,-23.39,-18.09,,-68,-115,-76,-141,-283,-210,62,-104,-24,-62,-5,-31,-124,-147,-83,,704.63,813.69,776.12,754.99,750.68,696.23,458.26,526.92,428.60,498.55,453.36,612.16,692.23,629.13,461.47,,-4.4,-9.2,2.7,-16.4,-48.2,-33.6,16.9,25.6,4.9,1.8,-1.6,-5.7,-12.2,-10.8,-9.6,-1.3,-36,-77,20,-141,-452,-281,66,109,23,12,-13,-43,-77,-46,-25,-6,814,835,743,862,937,836,391,425,473,659,772,751,637,427,269,432,-7.2,-1.7,-10.2,-25.7,-65.5,-51.2,-4.2,-9.9,-14.7,-14.4,-18.7,-10.0,-13.3,-17.6,-17.8,-7.6,-59,-15,-109,-294,-777,-465,-21,-75,-140,-134,-163,-54,-54,-57,-46,-29,816,897,1063,1144,1185,908,507,759,955,933,873,542,409,328,259,381
Montana,Valley County,30105,5.56,16.23,17.84,-0.03,-27.07,-17.93,60.56,23.22,31.33,7.70,7.13,-1.55,12.87,1.88,-1.11,,23,67,78,0,-127,-85,144,77,105,28,25,-9,69,10,-5,,414.94,412.97,434.48,486.16,468.92,474.01,237.29,333.54,335.79,359.35,357.52,551.53,536.92,555.55,421.67,,10.5,18.4,8.6,-7.7,-55.9,-38.3,25.5,18.1,7.5,6.7,-1.8,5.9,3.9,10,4.9,-1.7,40,75,37,-40,-314,-216,69,56,26,35,-11,34,19,36,16,-13,388,407,435,526,561,562,274,313,348,534,612,578,486,366,344,761,-6.6,7.4,-2.2,-14.3,-57.9,-44.5,16.5,9.9,1.0,-9.3,-3.7,-2.2,2.0,-4.4,-4.4,-1.1,-30,37,-13,-95,-379,-255,49,50,6,-61,-20,-9,8,-17,-16,-8,469,499,579,663,655,574,302,503,628,666,551,415,414,398,358,728
Montana,Sanders County,30089,2.71,8.86,3.79,3.74,-36.43,-34.75,32.09,31.68,17.60,30.74,34.65,32.80,46.68,34.93,21.30,,14,49,23,22,-241,-249,125,132,87,153,179,230,415,337,191,,520.90,553.00,606.05,596.70,662.30,715.75,390.65,417.69,492.35,498.71,515.40,701.83,889.70,965.67,898.58,,3.7,18.6,35.3,21.7,-49.5,-41.7,57.8,27.1,32,24.2,34.2,27.8,38.2,31.1,16.4,-5.7,21,92,173,129,-398,-311,185,110,132,150,250,242,299,210,90,-55,577,498,490,593,804,745,321,406,412,619,731,869,782,674,553,963,-5.9,17.8,27.6,-0.6,-57.6,-30.9,48.2,41.1,27.1,32.2,35.3,56.7,59.0,41.4,23.1,-3.5,-31,90,177,-4,-440,-188,136,187,165,229,226,285,245,151,88,-26,533,509,641,756,764,607,282,456,607,712,640,503,415,366,383,749
Montana,Sheridan County,30091,5.21,3.06,31.38,11.35,-23.11,-11.46,53.90,77.25,52.95,26.96,7.17,16.33,3.32,-6.18,-10.34,,10,6,50,19,-47,-20,62,105,71,40,12,39,10,-20,-21,,192.00,193.09,159.85,163.45,202.89,177.33,115.01,135.40,133.38,148.87,170.75,237.26,307.79,321.90,200.75,,41,47.4,7.6,-20.4,-58.2,-55,23.7,27.7,4,-2.3,-5.8,2.5,-10.7,-11.5,1.7,-11.8,45,52,14,-47,-169,-170,26,32,6,-6,-20,8,-28,-23,2,-57,111,110,189,230,290,310,109,117,165,255,352,337,266,204,166,483,0.1,17.1,-4.2,-20.7,-72.3,-54.6,25.8,1.9,3.1,1.3,-8.1,3.2,-4.8,3.1,-0.6,-6.8,0,33,-13,-81,-284,-141,33,4,11,4,-25,7,-10,6,-1,-36,189,198,306,390,393,259,130,252,352,349,312,222,224,215,236,532
Montana,Silver Bow County,30093,2.46,6.05,0.11,6.38,48.05,3.96,-19.84,10.28,6.10,2.73,3.56,3.05,4.26,1.61,2.03,,46,119,2,124,947,94,-493,198,113,48,69,70,108,37,33,,1867.15,1959.47,2084.77,1936.44,1970.32,2372.14,2482.58,1926.08,1857.64,1768.71,1938.99,2287.26,2545.58,2277.28,1645.63,,8.8,3,-4.6,3.3,6.6,-18.9,-15,0.9,0.8,2.9,2.8,2.4,1.9,5.1,11.9,1.6,167,56,-97,78,158,-461,-336,17,16,71,79,62,38,78,141,43,1890,1864,2069,2331,2399,2433,2241,1809,2003,2393,2738,2541,1973,1542,1181,2579,5.0,3.4,1.8,1.5,-2.8,-20.6,-3.3,7.5,8.8,3.7,2.5,1.6,1.0,-1.2,-1.5,-4.0,100,78,43,37,-65,-476,-69,172,233,97,55,30,16,-17,-19,-119,1981,2265,2381,2393,2304,2312,2097,2294,2638,2598,2158,1832,1510,1381,1313,2954
Montana,Stillwater County,30095,-0.25,17.00,9.83,-1.01,-37.61,-29.70,48.48,19.09,15.15,7.01,5.44,4.77,-3.12,-3.64,-0.42,,-1,74,56,-6,-212,-164,134,75,69,34,29,32,-25,-29,-3,,393.00,435.06,572.68,595.03,562.63,553.36,276.80,395.51,454.20,485.01,537.76,678.62,814.41,783.54,607.56,,7.2,25.5,23.1,-3.3,-52.4,-29.7,60.4,30.4,26.8,17.1,14.8,20.7,18.6,22,0.1,-7.5,38,119,106,-19,-322,-170,174,115,116,102,111,148,108,96,0,-50,526,468,457,581,615,574,287,380,432,595,752,718,579,438,333,662,18.4,43.6,23.3,7.7,-46.1,-7.8,85.1,53.9,53.1,30.5,32.9,33.7,43.5,27.2,10.6,-3.6,72,179,118,41,-247,-32,201,212,267,173,155,124,124,75,27,-20,392,411,506,532,535,421,236,393,504,567,471,368,285,277,261,555
Montana,Sweet Grass County,30097,3.14,24.16,11.36,-0.40,-30.21,-29.19,66.51,32.51,14.40,4.59,0.55,12.58,0.22,6.16,6.83,,5,36,24,-1,-77,-67,70,43,25,9,1,30,1,18,17,,159.00,149.00,207.43,222.90,255.06,228.77,105.10,131.31,173.08,186.44,220.78,240.73,288.38,288.25,246.18,,8.4,21.1,17.1,-12,-62.1,-38.6,36.3,6.5,18.9,11.9,11.5,8.3,4.2,8.2,3.2,18,15,38,37,-31,-178,-84,46,11,36,26,32,23,10,17,4,56,188,183,217,260,287,218,128,178,191,223,280,282,258,217,138,310,23.4,58.9,29.7,-13.1,-44.3,-11.8,103.1,54.9,33.4,7.0,25.5,34.4,11.8,4.4,2.2,-7.6,41,97,67,-33,-106,-24,97,83,70,19,54,61,16,6,3,-27,176,165,225,255,239,203,94,151,210,268,213,179,138,149,131,364
Montana,Teton County,30099,8.88,18.27,26.75,6.66,-32.78,-26.83,41.75,27.43,22.67,4.95,5.73,2.18,-3.42,-7.07,-2.34,,35,69,90,25,-141,-110,84,77,62,15,19,10,-16,-29,-8,,394.03,377.96,336.89,373.15,429.94,411.35,200.36,281.73,272.27,304.90,324.41,448.22,464.89,411.07,354.31,,8.5,17.7,6.1,-11.1,-59.9,-44.9,32.1,20.6,5.3,-0.7,-0.6,-3.5,0.7,8.1,0.1,0.6,26,55,25,-51,-315,-235,67,53,16,-3,-3,-16,2,27,0,4,305,314,409,465,525,523,209,257,317,470,502,468,406,334,301,583,11.2,22.0,19.8,-6.0,-61.5,-39.4,40.0,39.2,16.3,5.2,4.7,8.0,6.3,0.4,-5.3,-2.2,41,84,87,-34,-340,-169,93,133,72,24,19,27,21,1,-13,-12,369,383,439,560,552,430,232,340,444,456,415,337,330,253,258,574
Montana,Toole County,30101,2.59,15.01,-5.63,-8.99,-21.62,-7.59,18.78,3.11,-11.03,-17.55,-13.45,-13.33,-13.79,-16.06,-12.07,,8,41,-17,-24,-71,-26,55,11,-40,-59,-45,-57,-61,-63,-32,,304.12,273.03,294.58,264.81,330.45,337.63,292.14,344.30,358.53,338.40,333.90,424.59,445.40,389.57,262.71,,29.1,6.9,14.5,-6.8,-26.7,-10.3,53.1,14,18.8,4.2,4.5,5.6,-4.1,-8.5,1.7,-11.2,65,17,42,-25,-109,-40,126,41,53,17,20,23,-13,-18,2,-46,225,246,291,367,411,389,238,298,286,422,452,412,327,218,166,410,14.1,15.2,5.5,-14.0,-43.0,-7.1,57.8,28.9,11.5,1.9,10.8,-7.0,-9.3,5.1,-5.4,-0.7,36,48,21,-62,-179,-23,104,96,47,7,34,-19,-21,10,-11,-3,255,320,392,449,416,324,181,331,413,414,315,274,236,201,206,423
Montana,Treasure County,30103,21.88,30.56,1.15,30.48,-35.04,-17.40,89.18,40.63,-4.19,-27.49,-5.67,13.81,-7.75,22.01,21.14,,14,11,0,7,-15,-7,19,12,-1,-6,-2,7,-6,13,9,,64.00,36.00,37.57,21.46,43.10,41.16,21.67,29.86,27.14,22.07,36.04,49.20,80.22,59.01,43.75,,33.4,-7.9,-7.6,-20.2,-74.5,-55.4,11,5,-10.9,-4.2,18.9,0.1,-8.1,-1.2,8.9,-27.2,9,-1,-3,-10,-64,-37,2,1,-4,-2,14,0,-4,0,3,-27,27,23,47,54,86,67,24,22,43,55,74,63,57,57,37,99,31.2,23.4,42.7,0.9,-64.8,-66.1,1.0,32.9,4.2,3.7,-2.4,25.1,1.5,23.3,-27.9,-15.1,11,10,25,0,-45,-44,0,13,3,2,-1,12,0,6,-12,-13,36,44,60,66,69,67,43,41,74,61,63,48,47,26,44,92
Montana,Yellowstone County,30111,2.96,9.33,9.10,2.18,-0.42,24.49,22.28,10.41,9.09,8.72,8.23,6.02,4.00,3.00,9.64,,279,925,963,216,-40,2241,2083,1080,852,754,706,608,421,277,659,,9437.83,9917.12,10576.23,9874.38,9359.62,9151.25,9350.94,10373.15,9375.70,8639.27,8578.73,10098.67,10536.84,9213.45,6838.85,,7,10.4,6.2,1.1,3.5,15.5,16.4,10,11.8,8.7,8.3,5.4,6.6,9,12.9,18.7,687,925,551,104,328,1433,1348,810,940,858,888,531,505,506,520,1586,9771,8854,8832,9194,9337,9190,8215,8060,7962,9757,10576,9788,7662,5594,4011,8477,7.0,11.5,7.3,-0.4,-3.2,5.6,16.7,13.0,6.7,5.4,2.1,2.9,0.9,4.3,4.6,12.2,582,955,648,-43,-280,432,1153,1155,687,531,178,187,45,185,189,917,8296,8287,8783,9219,8524,7707,6872,8823,10247,9724,8183,6294,4943,4307,4049,7461