"FIPS","Unemployment","State"
"01001",5.3,"01"
"01003",5.4,"01"
"01005",8.6,"01"
"01007",6.6,"01"
"01009",5.5,"01"
"01011",7.2,"01"
"01013",7.1,"01"
"01015",6.7,"01"
"01017",5.5,"01"
"01019",5.2,"01"
"01021",5.6,"01"
"01023",8.9,"01"
"01025",11.1,"01"
"01027",6.2,"01"
"01029",6.1,"01"
"01031",6.1,"01"
"01033",7,"01"
"01035",8.6,"01"
"01037",6.1,"01"
"01039",7,"01"
"01041",6,"01"
"01043",5.1,"01"
"01045",5.9,"01"
"01047",9.4,"01"
"01049",6.2,"01"
"01051",4.9,"01"
"01053",6.7,"01"
"01055",6,"01"
"01057",7,"01"
"01059",6.1,"01"
"01061",5.9,"01"
"01063",10.1,"01"
"01065",7.8,"01"
"01067",6.6,"01"
"01069",5.9,"01"
"01071",6.4,"01"
"01073",5.9,"01"
"01075",5.7,"01"
"01077",6.4,"01"
"01079",7,"01"
"01081",5.3,"01"
"01083",5.3,"01"
"01085",10.8,"01"
"01087",7.7,"01"
"01089",5.2,"01"
"01091",7.4,"01"
"01093",6.7,"01"
"01095",5.5,"01"
"01097",6.9,"01"
"01099",9.4,"01"
"01101",5.9,"01"
"01103",5.6,"01"
"01105",10.6,"01"
"01107",6.9,"01"
"01109",6.4,"01"
"01111",5.7,"01"
"01113",5.6,"01"
"01115",5.3,"01"
"01117",4.4,"01"
"01119",7.8,"01"
"01121",6.8,"01"
"01123",5.6,"01"
"01125",5.8,"01"
"01127",7.6,"01"
"01129",8.7,"01"
"01131",14.7,"01"
"01133",7.3,"01"
"02013",2.7,"02"
"02016",3.3,"02"
"02020",5.3,"02"
"02050",14.1,"02"
"02060",6.9,"02"
"02068",8.6,"02"
"02070",9.7,"02"
"02090",5.7,"02"
"02100",9.8,"02"
"02105",11.5,"02"
"02110",4.4,"02"
"02122",8.2,"02"
"02130",6.2,"02"
"02150",5,"02"
"02158",21.3,"02"
"02164",12.3,"02"
"02170",8.1,"02"
"02180",12.5,"02"
"02185",6.5,"02"
"02188",15.7,"02"
"02195",8.6,"02"
"02198",11.7,"02"
"02220",4.3,"02"
"02230",10.6,"02"
"02240",10.2,"02"
"02261",8.2,"02"
"02275",7.3,"02"
"02282",8.1,"02"
"02290",17.2,"02"
"04001",11.3,"04"
"04003",6.1,"04"
"04005",5.9,"04"
"04007",7.2,"04"
"04009",6.7,"04"
"04011",7.6,"04"
"04012",6,"04"
"04013",4.5,"04"
"04015",6.6,"04"
"04017",8.1,"04"
"04019",4.9,"04"
"04021",5.5,"04"
"04023",9.9,"04"
"04025",4.9,"04"
"04027",18.6,"04"
"05001",3.5,"05"
"05003",6.3,"05"
"05005",4.3,"05"
"05007",2.9,"05"
"05009",3.7,"05"
"05011",5.2,"05"
"05013",4.7,"05"
"05015",3.6,"05"
"05017",6.6,"05"
"05019",4.5,"05"
"05021",5.7,"05"
"05023",6,"05"
"05025",4.6,"05"
"05027",5.8,"05"
"05029",5.8,"05"
"05031",3.3,"05"
"05033",3.9,"05"
"05035",4.6,"05"
"05037",4.5,"05"
"05039",5,"05"
"05041",5.5,"05"
"05043",5.8,"05"
"05045",3.8,"05"
"05047",4.1,"05"
"05049",4.4,"05"
"05051",4.3,"05"
"05053",3.6,"05"
"05055",4.3,"05"
"05057",3.8,"05"
"05059",4,"05"
"05061",3.3,"05"
"05063",5,"05"
"05065",5.6,"05"
"05067",6.2,"05"
"05069",5.6,"05"
"05071",4.8,"05"
"05073",5.9,"05"
"05075",4.4,"05"
"05077",4.8,"05"
"05079",4.9,"05"
"05081",4.7,"05"
"05083",4.6,"05"
"05085",3.4,"05"
"05087",3.2,"05"
"05089",4,"05"
"05091",4.2,"05"
"05093",6.8,"05"
"05095",4.9,"05"
"05097",5.3,"05"
"05099",3.7,"05"
"05101",3.9,"05"
"05103",5.1,"05"
"05105",4.8,"05"
"05107",5.9,"05"
"05109",4.3,"05"
"05111",4.3,"05"
"05113",4.9,"05"
"05115",4.6,"05"
"05117",3.9,"05"
"05119",3.6,"05"
"05121",4.7,"05"
"05123",5.2,"05"
"05125",3.2,"05"
"05127",3.8,"05"
"05129",4.5,"05"
"05131",3.7,"05"
"05133",5,"05"
"05135",5.5,"05"
"05137",5.2,"05"
"05139",5.5,"05"
"05141",7,"05"
"05143",2.7,"05"
"05145",5.2,"05"
"05147",5.5,"05"
"05149",4.5,"05"
"06001",4.2,"06"
"06003",6.5,"06"
"06005",5.9,"06"
"06007",6.5,"06"
"06009",5.6,"06"
"06011",15.5,"06"
"06013",4.4,"06"
"06015",7.5,"06"
"06017",5.1,"06"
"06019",9.4,"06"
"06021",8.2,"06"
"06023",4.9,"06"
"06025",23.5,"06"
"06027",5.2,"06"
"06029",10.3,"06"
"06031",10,"06"
"06033",6.6,"06"
"06035",6.9,"06"
"06037",5.2,"06"
"06039",9.2,"06"
"06041",3.2,"06"
"06043",6.9,"06"
"06045",5.2,"06"
"06047",10.5,"06"
"06049",7.8,"06"
"06051",5.3,"06"
"06053",7.6,"06"
"06055",4.3,"06"
"06057",4.7,"06"
"06059",4,"06"
"06061",4.4,"06"
"06063",9.6,"06"
"06065",6.1,"06"
"06067",5.4,"06"
"06069",6.8,"06"
"06071",5.7,"06"
"06073",4.7,"06"
"06075",3.3,"06"
"06077",8.1,"06"
"06079",4.3,"06"
"06081",3,"06"
"06083",5,"06"
"06085",3.8,"06"
"06087",6.9,"06"
"06089",6.9,"06"
"06091",7.6,"06"
"06093",8.5,"06"
"06095",5.5,"06"
"06097",4,"06"
"06099",8.5,"06"
"06101",9.6,"06"
"06103",7.1,"06"
"06105",7.1,"06"
"06107",11,"06"
"06109",6.2,"06"
"06111",5.2,"06"
"06113",5.8,"06"
"06115",8.5,"06"
"08001",3.6,"08"
"08003",4.1,"08"
"08005",3.1,"08"
"08007",3.3,"08"
"08009",1.7,"08"
"08011",3.1,"08"
"08013",2.7,"08"
"08014",2.9,"08"
"08015",2.7,"08"
"08017",2.3,"08"
"08019",3.2,"08"
"08021",4.9,"08"
"08023",4.9,"08"
"08025",3.6,"08"
"08027",3.2,"08"
"08029",5,"08"
"08031",3.1,"08"
"08033",4,"08"
"08035",2.7,"08"
"08037",2.8,"08"
"08039",2.7,"08"
"08041",3.8,"08"
"08043",5.3,"08"
"08045",3.6,"08"
"08047",2.4,"08"
"08049",2.7,"08"
"08051",2.3,"08"
"08053",2.3,"08"
"08055",6.4,"08"
"08057",2.7,"08"
"08059",3,"08"
"08061",2.1,"08"
"08063",2.1,"08"
"08065",2.9,"08"
"08067",2.9,"08"
"08069",2.8,"08"
"08071",5.2,"08"
"08073",2.6,"08"
"08075",3,"08"
"08077",5.4,"08"
"08079",2.2,"08"
"08081",4,"08"
"08083",5,"08"
"08085",4.2,"08"
"08087",3.5,"08"
"08089",4.8,"08"
"08091",3.8,"08"
"08093",2.8,"08"
"08095",2,"08"
"08097",3.4,"08"
"08099",3.3,"08"
"08101",4.9,"08"
"08103",5.1,"08"
"08105",5.1,"08"
"08107",2.7,"08"
"08109",4.9,"08"
"08111",3.8,"08"
"08113",3.3,"08"
"08115",2.4,"08"
"08117",2.1,"08"
"08119",3.8,"08"
"08121",2.2,"08"
"08123",3.4,"08"
"08125",2.2,"08"
"09001",4.8,"09"
"09003",5.3,"09"
"09005",4.6,"09"
"09007",4.4,"09"
"09009",5.5,"09"
"09011",5,"09"
"09013",4.4,"09"
"09015",5.5,"09"
"10001",4.7,"10"
"10003",4.3,"10"
"10005",4.4,"10"
"11001",6,"11"
"12001",4.3,"12"
"12003",4.9,"12"
"12005",4.9,"12"
"12007",4.3,"12"
"12009",5.2,"12"
"12011",4.6,"12"
"12013",5.7,"12"
"12015",5.3,"12"
"12017",6.8,"12"
"12019",4.5,"12"
"12021",4.8,"12"
"12023",4.8,"12"
"12027",5.2,"12"
"12029",5.5,"12"
"12031",5,"12"
"12033",4.9,"12"
"12035",5.5,"12"
"12037",4.3,"12"
"12039",6.3,"12"
"12041",5.1,"12"
"12043",6.2,"12"
"12045",4.5,"12"
"12047",5.6,"12"
"12049",6.7,"12"
"12051",9.1,"12"
"12053",6.1,"12"
"12055",6.6,"12"
"12057",4.5,"12"
"12059",5.4,"12"
"12061",6.2,"12"
"12063",5.3,"12"
"12065",5.3,"12"
"12067",4.1,"12"
"12069",4.9,"12"
"12071",4.6,"12"
"12073",4.6,"12"
"12075",5.2,"12"
"12077",5.3,"12"
"12079",5.3,"12"
"12081",4.6,"12"
"12083",5.8,"12"
"12085",4.9,"12"
"12086",5.4,"12"
"12087",3.2,"12"
"12089",4.6,"12"
"12091",4,"12"
"12093",5.4,"12"
"12095",4.4,"12"
"12097",5,"12"
"12099",4.8,"12"
"12101",5.2,"12"
"12103",4.4,"12"
"12105",5.6,"12"
"12107",6.3,"12"
"12109",3.7,"12"
"12111",5.7,"12"
"12113",4.5,"12"
"12115",4.6,"12"
"12117",4.3,"12"
"12119",7,"12"
"12121",4.9,"12"
"12123",5.5,"12"
"12125",4.4,"12"
"12127",5.1,"12"
"12129",4.1,"12"
"12131",4.3,"12"
"12133",5.2,"12"
"13001",6.4,"13"
"13003",5.2,"13"
"13005",5.3,"13"
"13007",7.7,"13"
"13009",6.8,"13"
"13011",4.9,"13"
"13013",4.7,"13"
"13015",5.1,"13"
"13017",8.1,"13"
"13019",6.2,"13"
"13021",6,"13"
"13023",7.2,"13"
"13025",6.7,"13"
"13027",5.2,"13"
"13029",4.9,"13"
"13031",5.7,"13"
"13033",7.6,"13"
"13035",5.6,"13"
"13037",5.8,"13"
"13039",5.7,"13"
"13043",4.9,"13"
"13045",6,"13"
"13047",4.8,"13"
"13049",5.8,"13"
"13051",5.2,"13"
"13053",8.4,"13"
"13055",6.2,"13"
"13057",4.2,"13"
"13059",5.6,"13"
"13061",10.5,"13"
"13063",6.6,"13"
"13065",6.2,"13"
"13067",4.6,"13"
"13069",5.9,"13"
"13071",5.3,"13"
"13073",4.7,"13"
"13075",5.4,"13"
"13077",5,"13"
"13079",5.9,"13"
"13081",6.1,"13"
"13083",5.1,"13"
"13085",4.7,"13"
"13087",6.7,"13"
"13089",5.4,"13"
"13091",7.4,"13"
"13093",5.8,"13"
"13095",6.9,"13"
"13097",5.5,"13"
"13099",7,"13"
"13101",4.3,"13"
"13103",4.9,"13"
"13105",6.5,"13"
"13107",7.8,"13"
"13109",5,"13"
"13111",5.3,"13"
"13113",4.7,"13"
"13115",6,"13"
"13117",4.2,"13"
"13119",5.3,"13"
"13121",5.4,"13"
"13123",5.6,"13"
"13125",6.1,"13"
"13127",5.3,"13"
"13129",5.7,"13"
"13131",5.5,"13"
"13133",5.8,"13"
"13135",4.7,"13"
"13137",5.3,"13"
"13139",4.5,"13"
"13141",8.4,"13"
"13143",5.8,"13"
"13145",5,"13"
"13147",5.5,"13"
"13149",5.9,"13"
"13151",5.5,"13"
"13153",5.4,"13"
"13155",7.7,"13"
"13157",4.2,"13"
"13159",4.8,"13"
"13161",6.3,"13"
"13163",7.5,"13"
"13165",7.6,"13"
"13167",6.2,"13"
"13169",4.9,"13"
"13171",6.5,"13"
"13173",5.7,"13"
"13175",6.7,"13"
"13177",4.8,"13"
"13179",5.8,"13"
"13181",5.9,"13"
"13183",5.5,"13"
"13185",5.2,"13"
"13187",4.9,"13"
"13189",7.2,"13"
"13191",5.8,"13"
"13193",8.3,"13"
"13195",5,"13"
"13197",7.4,"13"
"13199",6.8,"13"
"13201",5.5,"13"
"13205",6.6,"13"
"13207",5.2,"13"
"13209",7.6,"13"
"13211",5,"13"
"13213",6.9,"13"
"13215",6.9,"13"
"13217",6,"13"
"13219",4.1,"13"
"13221",4.9,"13"
"13223",4.6,"13"
"13225",6.9,"13"
"13227",4.9,"13"
"13229",5.4,"13"
"13231",5.2,"13"
"13233",6.1,"13"
"13235",5.9,"13"
"13237",7,"13"
"13239",7.4,"13"
"13241",5.9,"13"
"13243",8.5,"13"
"13245",6.7,"13"
"13247",5.7,"13"
"13249",6.4,"13"
"13251",7.6,"13"
"13253",7.9,"13"
"13255",6.8,"13"
"13257",5.9,"13"
"13259",6.6,"13"
"13261",7.7,"13"
"13263",6.7,"13"
"13265",6.5,"13"
"13267",5.4,"13"
"13269",7.2,"13"
"13271",8.6,"13"
"13273",6.6,"13"
"13275",6.4,"13"
"13277",5.5,"13"
"13279",7.8,"13"
"13281",6.7,"13"
"13283",7.8,"13"
"13285",5.1,"13"
"13287",6.6,"13"
"13289",8.7,"13"
"13291",4.7,"13"
"13293",6.5,"13"
"13295",5.6,"13"
"13297",4.9,"13"
"13299",5.5,"13"
"13301",7,"13"
"13303",6.4,"13"
"13305",6.7,"13"
"13307",8.8,"13"
"13309",9.1,"13"
"13311",4.6,"13"
"13313",5.9,"13"
"13315",7,"13"
"13317",6.3,"13"
"13319",6.3,"13"
"13321",5.9,"13"
"15001",3.8,"15"
"15003",2.8,"15"
"15007",3.3,"15"
"15009",3.2,"15"
"16001",3.3,"16"
"16003",7.1,"16"
"16005",3.5,"16"
"16007",4.6,"16"
"16009",6.2,"16"
"16011",3.6,"16"
"16013",3.2,"16"
"16015",5.5,"16"
"16017",5.5,"16"
"16019",3.2,"16"
"16021",5.3,"16"
"16023",4.1,"16"
"16025",3.8,"16"
"16027",4.4,"16"
"16029",3.7,"16"
"16031",3,"16"
"16033",3.5,"16"
"16035",7.5,"16"
"16037",5.2,"16"
"16039",4.2,"16"
"16041",3.1,"16"
"16043",3.4,"16"
"16045",4.7,"16"
"16047",3.1,"16"
"16049",5.7,"16"
"16051",3.1,"16"
"16053",3.1,"16"
"16055",4.8,"16"
"16057",3.3,"16"
"16059",6.3,"16"
"16061",6.5,"16"
"16063",4.5,"16"
"16065",2.5,"16"
"16067",3.3,"16"
"16069",3.4,"16"
"16071",3.7,"16"
"16073",4.5,"16"
"16075",4.7,"16"
"16077",4.2,"16"
"16079",7.3,"16"
"16081",3.2,"16"
"16083",3.4,"16"
"16085",5.6,"16"
"16087",5.7,"16"
"17001",4.8,"17"
"17003",9.2,"17"
"17005",5.1,"17"
"17007",6.3,"17"
"17009",3.4,"17"
"17011",6.1,"17"
"17013",6.3,"17"
"17015",5.7,"17"
"17017",5.6,"17"
"17019",5.1,"17"
"17021",6.3,"17"
"17023",5.9,"17"
"17025",6.8,"17"
"17027",4.5,"17"
"17029",5.9,"17"
"17031",6.2,"17"
"17033",6.2,"17"
"17035",5.2,"17"
"17037",5.4,"17"
"17039",5.7,"17"
"17041",4.7,"17"
"17043",4.8,"17"
"17045",6,"17"
"17047",5.8,"17"
"17049",4.7,"17"
"17051",6.7,"17"
"17053",5.5,"17"
"17055",8.1,"17"
"17057",7.4,"17"
"17059",7.6,"17"
"17061",5.9,"17"
"17063",6.8,"17"
"17065",6.3,"17"
"17067",6.6,"17"
"17069",9.8,"17"
"17071",6.2,"17"
"17073",6.1,"17"
"17075",5.5,"17"
"17077",5.4,"17"
"17079",6.3,"17"
"17081",6.5,"17"
"17083",5.8,"17"
"17085",5.4,"17"
"17087",8.6,"17"
"17089",5.5,"17"
"17091",6.4,"17"
"17093",5.2,"17"
"17095",6.1,"17"
"17097",5.2,"17"
"17099",6.7,"17"
"17101",7.5,"17"
"17103",5.1,"17"
"17105",5.5,"17"
"17107",5.3,"17"
"17109",6.3,"17"
"17111",5.3,"17"
"17113",5.1,"17"
"17115",6.6,"17"
"17117",6,"17"
"17119",5.9,"17"
"17121",6.4,"17"
"17123",6.6,"17"
"17125",7.1,"17"
"17127",7,"17"
"17129",4.6,"17"
"17131",6.2,"17"
"17133",4.1,"17"
"17135",7.1,"17"
"17137",4.9,"17"
"17139",4.6,"17"
"17141",5.9,"17"
"17143",6.8,"17"
"17145",7.1,"17"
"17147",5,"17"
"17149",5.1,"17"
"17151",7,"17"
"17153",8.8,"17"
"17155",5.6,"17"
"17157",5,"17"
"17159",6,"17"
"17161",6.3,"17"
"17163",6.1,"17"
"17165",8.6,"17"
"17167",4.9,"17"
"17169",5.8,"17"
"17171",5.6,"17"
"17173",5.8,"17"
"17175",7.2,"17"
"17177",5.8,"17"
"17179",6.3,"17"
"17181",7.4,"17"
"17183",7.2,"17"
"17185",6.4,"17"
"17187",5.3,"17"
"17189",3.8,"17"
"17191",8.6,"17"
"17193",6.6,"17"
"17195",5.8,"17"
"17197",6.1,"17"
"17199",6.2,"17"
"17201",6.6,"17"
"17203",5.4,"17"
"18001",3.6,"18"
"18003",4.3,"18"
"18005",3.4,"18"
"18007",4.2,"18"
"18009",5.4,"18"
"18011",3.4,"18"
"18013",4,"18"
"18015",4.2,"18"
"18017",4.7,"18"
"18019",4.1,"18"
"18021",4.7,"18"
"18023",3.9,"18"
"18025",5.6,"18"
"18027",3.6,"18"
"18029",4.7,"18"
"18031",3.6,"18"
"18033",3.9,"18"
"18035",5.2,"18"
"18037",3.1,"18"
"18039",3.5,"18"
"18041",5.8,"18"
"18043",4.1,"18"
"18045",5.8,"18"
"18047",4.3,"18"
"18049",4.7,"18"
"18051",3.7,"18"
"18053",5,"18"
"18055",6.6,"18"
"18057",3.2,"18"
"18059",3.8,"18"
"18061",4.2,"18"
"18063",3.5,"18"
"18065",4.6,"18"
"18067",4.7,"18"
"18069",4.1,"18"
"18071",3.7,"18"
"18073",5.3,"18"
"18075",4.6,"18"
"18077",4.7,"18"
"18079",4.8,"18"
"18081",3.6,"18"
"18083",4.4,"18"
"18085",3.7,"18"
"18087",3.4,"18"
"18089",6.3,"18"
"18091",5.9,"18"
"18093",5.7,"18"
"18095",5,"18"
"18097",4.4,"18"
"18099",3.8,"18"
"18101",4.2,"18"
"18103",4.7,"18"
"18105",4.6,"18"
"18107",3.9,"18"
"18109",4.2,"18"
"18111",5.6,"18"
"18113",4.1,"18"
"18115",4.9,"18"
"18117",5.1,"18"
"18119",5.5,"18"
"18121",5.3,"18"
"18123",4.6,"18"
"18125",4.4,"18"
"18127",5.1,"18"
"18129",4,"18"
"18131",4.6,"18"
"18133",4.5,"18"
"18135",4.5,"18"
"18137",4.6,"18"
"18139",3.8,"18"
"18141",4.5,"18"
"18143",4.8,"18"
"18145",4,"18"
"18147",4.1,"18"
"18149",5.4,"18"
"18151",3.7,"18"
"18153",5.9,"18"
"18155",4.9,"18"
"18157",4,"18"
"18159",3.9,"18"
"18161",4,"18"
"18163",4.1,"18"
"18165",6.6,"18"
"18167",5.4,"18"
"18169",4.3,"18"
"18171",4.9,"18"
"18173",4.1,"18"
"18175",4.5,"18"
"18177",4.8,"18"
"18179",3.6,"18"
"18181",4,"18"
"18183",3.9,"18"
"19001",3,"19"
"19003",2.7,"19"
"19005",5,"19"
"19007",4.8,"19"
"19009",3.3,"19"
"19011",3.6,"19"
"19013",4.7,"19"
"19015",2.8,"19"
"19017",3.7,"19"
"19019",4.2,"19"
"19021",3.6,"19"
"19023",4.4,"19"
"19025",3.9,"19"
"19027",2.6,"19"
"19029",3.3,"19"
"19031",3.4,"19"
"19033",3.7,"19"
"19035",3.7,"19"
"19037",4.5,"19"
"19039",3.4,"19"
"19041",3.9,"19"
"19043",4.3,"19"
"19045",5,"19"
"19047",5.6,"19"
"19049",2.7,"19"
"19051",4.3,"19"
"19053",3.3,"19"
"19055",3.5,"19"
"19057",5,"19"
"19059",4.4,"19"
"19061",3.6,"19"
"19063",4.3,"19"
"19065",4.5,"19"
"19067",3.7,"19"
"19069",3.5,"19"
"19071",3.3,"19"
"19073",3.2,"19"
"19075",3.5,"19"
"19077",3.6,"19"
"19079",3.8,"19"
"19081",2.7,"19"
"19083",4,"19"
"19085",3.4,"19"
"19087",3.6,"19"
"19089",3.7,"19"
"19091",2.9,"19"
"19093",2.6,"19"
"19095",3.1,"19"
"19097",4.2,"19"
"19099",3.6,"19"
"19101",3.7,"19"
"19103",2.6,"19"
"19105",4.3,"19"
"19107",4.4,"19"
"19109",2.7,"19"
"19111",6.2,"19"
"19113",3.7,"19"
"19115",4,"19"
"19117",3.2,"19"
"19119",2.1,"19"
"19121",3.6,"19"
"19123",3.8,"19"
"19125",3.1,"19"
"19127",4.9,"19"
"19129",3.7,"19"
"19131",2.7,"19"
"19133",4.2,"19"
"19135",4.7,"19"
"19137",3.6,"19"
"19139",3.9,"19"
"19141",2.8,"19"
"19143",2.7,"19"
"19145",5.1,"19"
"19147",3.2,"19"
"19149",2.6,"19"
"19151",2.9,"19"
"19153",3.5,"19"
"19155",3.4,"19"
"19157",3.5,"19"
"19159",3.5,"19"
"19161",3.1,"19"
"19163",4.6,"19"
"19165",3,"19"
"19167",2.3,"19"
"19169",2.4,"19"
"19171",4.2,"19"
"19173",3,"19"
"19175",3.8,"19"
"19177",3.7,"19"
"19179",5.9,"19"
"19181",3.2,"19"
"19183",3,"19"
"19185",3.9,"19"
"19187",4,"19"
"19189",3.5,"19"
"19191",3.6,"19"
"19193",3.6,"19"
"19195",3.5,"19"
"19197",4.2,"19"
"20001",5.9,"20"
"20003",4.5,"20"
"20005",6.4,"20"
"20007",4.1,"20"
"20009",4.7,"20"
"20011",5.1,"20"
"20013",3.9,"20"
"20015",4.3,"20"
"20017",3.7,"20"
"20019",5.5,"20"
"20021",4.6,"20"
"20023",2.9,"20"
"20025",2.9,"20"
"20027",4.5,"20"
"20029",4.5,"20"
"20031",6.3,"20"
"20033",3.4,"20"
"20035",4.6,"20"
"20037",5,"20"
"20039",4.2,"20"
"20041",4.6,"20"
"20043",4.1,"20"
"20045",3.6,"20"
"20047",3.1,"20"
"20049",5.3,"20"
"20051",3.2,"20"
"20053",4.2,"20"
"20055",3.2,"20"
"20057",3.3,"20"
"20059",4.3,"20"
"20061",5.8,"20"
"20063",2.6,"20"
"20065",5,"20"
"20067",3.8,"20"
"20069",2.3,"20"
"20071",2.3,"20"
"20073",5.2,"20"
"20075",2.7,"20"
"20077",3.9,"20"
"20079",4.4,"20"
"20081",2.7,"20"
"20083",2.9,"20"
"20085",3.6,"20"
"20087",4.1,"20"
"20089",4.7,"20"
"20091",3.3,"20"
"20093",3.3,"20"
"20095",4.7,"20"
"20097",2.9,"20"
"20099",5.7,"20"
"20101",3.4,"20"
"20103",4.4,"20"
"20105",3.8,"20"
"20107",6.7,"20"
"20109",2.8,"20"
"20111",4.2,"20"
"20113",3.3,"20"
"20115",4.3,"20"
"20117",3.2,"20"
"20119",2.9,"20"
"20121",4.3,"20"
"20123",3.6,"20"
"20125",6.4,"20"
"20127",4.1,"20"
"20129",4.1,"20"
"20131",2.8,"20"
"20133",7.5,"20"
"20135",3.8,"20"
"20137",2.6,"20"
"20139",4.6,"20"
"20141",3.7,"20"
"20143",4,"20"
"20145",3.6,"20"
"20147",3.2,"20"
"20149",3.5,"20"
"20151",4.3,"20"
"20153",2.6,"20"
"20155",4.6,"20"
"20157",2.9,"20"
"20159",4.2,"20"
"20161",3.3,"20"
"20163",5.2,"20"
"20165",4.2,"20"
"20167",4.5,"20"
"20169",3.8,"20"
"20171",2.6,"20"
"20173",4.8,"20"
"20175",4.6,"20"
"20177",4.1,"20"
"20179",2.6,"20"
"20181",3.5,"20"
"20183",3.5,"20"
"20185",4.1,"20"
"20187",3.1,"20"
"20189",4.4,"20"
"20191",4.4,"20"
"20193",2.9,"20"
"20195",4.2,"20"
"20197",3.8,"20"
"20199",2.9,"20"
"20201",3.5,"20"
"20203",2.5,"20"
"20205",6.4,"20"
"20207",6.2,"20"
"20209",5.7,"20"
"21001",6.6,"21"
"21003",4.2,"21"
"21005",4,"21"
"21007",8.6,"21"
"21009",4.6,"21"
"21011",7.2,"21"
"21013",9,"21"
"21015",3.8,"21"
"21017",4.7,"21"
"21019",8.1,"21"
"21021",4.9,"21"
"21023",6,"21"
"21025",9.4,"21"
"21027",6,"21"
"21029",4.1,"21"
"21031",5.3,"21"
"21033",5.3,"21"
"21035",4.5,"21"
"21037",3.8,"21"
"21039",5.9,"21"
"21041",5,"21"
"21043",10.2,"21"
"21045",4.6,"21"
"21047",6,"21"
"21049",4.7,"21"
"21051",9.6,"21"
"21053",7.3,"21"
"21055",5,"21"
"21057",5.5,"21"
"21059",4.5,"21"
"21061",6.1,"21"
"21063",10.9,"21"
"21065",5.7,"21"
"21067",3.5,"21"
"21069",5.9,"21"
"21071",10.9,"21"
"21073",4,"21"
"21075",6.8,"21"
"21077",4.8,"21"
"21079",4.7,"21"
"21081",4.9,"21"
"21083",6,"21"
"21085",6.4,"21"
"21087",4.4,"21"
"21089",8.6,"21"
"21091",5.4,"21"
"21093",4.4,"21"
"21095",12.1,"21"
"21097",4.6,"21"
"21099",4.6,"21"
"21101",4.7,"21"
"21103",4.1,"21"
"21105",5.6,"21"
"21107",5.5,"21"
"21109",7.5,"21"
"21111",4.4,"21"
"21113",3.8,"21"
"21115",9.6,"21"
"21117",4.1,"21"
"21119",11.2,"21"
"21121",7.9,"21"
"21123",4.5,"21"
"21125",6.1,"21"
"21127",10.4,"21"
"21129",9.2,"21"
"21131",13,"21"
"21133",11.9,"21"
"21135",9.2,"21"
"21137",6,"21"
"21139",7,"21"
"21141",4.2,"21"
"21143",5.6,"21"
"21145",5.7,"21"
"21147",7.7,"21"
"21149",4.8,"21"
"21151",4.1,"21"
"21153",18.8,"21"
"21155",4.1,"21"
"21157",5.6,"21"
"21159",10.1,"21"
"21161",6.1,"21"
"21163",5,"21"
"21165",8.4,"21"
"21167",4.7,"21"
"21169",4.5,"21"
"21171",4,"21"
"21173",6.3,"21"
"21175",7.8,"21"
"21177",7,"21"
"21179",4.5,"21"
"21181",5.4,"21"
"21183",6.5,"21"
"21185",3.4,"21"
"21187",4.1,"21"
"21189",9.4,"21"
"21191",4.8,"21"
"21193",10.5,"21"
"21195",10.8,"21"
"21197",7,"21"
"21199",5.3,"21"
"21201",5.9,"21"
"21203",5.9,"21"
"21205",5.5,"21"
"21207",8.3,"21"
"21209",3.7,"21"
"21211",3.5,"21"
"21213",4.4,"21"
"21215",3.8,"21"
"21217",5.1,"21"
"21219",4.2,"21"
"21221",5.6,"21"
"21223",5.3,"21"
"21225",6.7,"21"
"21227",3.9,"21"
"21229",4.1,"21"
"21231",7.3,"21"
"21233",5.9,"21"
"21235",6.5,"21"
"21237",9.7,"21"
"21239",3.2,"21"
"22001",7.4,"22"
"22003",6.4,"22"
"22005",4.9,"22"
"22007",8.5,"22"
"22009",7.1,"22"
"22011",6,"22"
"22013",7.7,"22"
"22015",5.4,"22"
"22017",6.6,"22"
"22019",4.8,"22"
"22021",7.6,"22"
"22023",4.4,"22"
"22025",9.3,"22"
"22027",6.7,"22"
"22029",8.3,"22"
"22031",7.4,"22"
"22033",5.1,"22"
"22035",11.7,"22"
"22037",5.7,"22"
"22039",7.4,"22"
"22041",9.1,"22"
"22043",7,"22"
"22045",9.4,"22"
"22047",6.8,"22"
"22049",5.7,"22"
"22051",5.3,"22"
"22053",6,"22"
"22055",6.2,"22"
"22057",6.3,"22"
"22059",6.6,"22"
"22061",6.5,"22"
"22063",5.1,"22"
"22065",9,"22"
"22067",9.8,"22"
"22069",7,"22"
"22071",5.9,"22"
"22073",6.1,"22"
"22075",5.3,"22"
"22077",6.5,"22"
"22079",6.1,"22"
"22081",6.1,"22"
"22083",7.4,"22"
"22085",6.9,"22"
"22087",6.1,"22"
"22089",5.3,"22"
"22091",7.6,"22"
"22093",7.5,"22"
"22095",6.8,"22"
"22097",8.1,"22"
"22099",7.8,"22"
"22101",9.4,"22"
"22103",5,"22"
"22105",6.7,"22"
"22107",9.9,"22"
"22109",7,"22"
"22111",6.5,"22"
"22113",7.7,"22"
"22115",7.3,"22"
"22117",7,"22"
"22119",8.6,"22"
"22121",5.3,"22"
"22123",11.9,"22"
"22125",5.1,"22"
"22127",7.8,"22"
"23001",3.6,"23"
"23003",5.7,"23"
"23005",2.9,"23"
"23007",4.4,"23"
"23009",4.7,"23"
"23011",3.6,"23"
"23013",3.6,"23"
"23015",3.8,"23"
"23017",4.8,"23"
"23019",4.4,"23"
"23021",5.4,"23"
"23023",3,"23"
"23025",5.8,"23"
"23027",4.2,"23"
"23029",6.2,"23"
"23031",3.4,"23"
"24001",6.1,"24"
"24003",3.7,"24"
"24005",4.5,"24"
"24009",3.8,"24"
"24011",4.7,"24"
"24013",3.5,"24"
"24015",5.1,"24"
"24017",4.2,"24"
"24019",6,"24"
"24021",3.7,"24"
"24023",5.5,"24"
"24025",4.1,"24"
"24027",3.2,"24"
"24029",4.7,"24"
"24031",3.3,"24"
"24033",4.4,"24"
"24035",3.8,"24"
"24037",4.1,"24"
"24039",7,"24"
"24041",4.1,"24"
"24043",4.9,"24"
"24045",6,"24"
"24047",9,"24"
"24510",6.3,"24"
"25001",4.7,"25"
"25003",4.3,"25"
"25005",4.7,"25"
"25007",5,"25"
"25009",3.8,"25"
"25011",3.3,"25"
"25013",5,"25"
"25015",3.3,"25"
"25017",3,"25"
"25019",4.2,"25"
"25021",3.2,"25"
"25023",3.9,"25"
"25025",3.4,"25"
"25027",3.9,"25"
"26001",7.4,"26"
"26003",8,"26"
"26005",3.7,"26"
"26007",5.7,"26"
"26009",6.8,"26"
"26011",8.1,"26"
"26013",7.9,"26"
"26015",3.8,"26"
"26017",5.2,"26"
"26019",6.4,"26"
"26021",4.8,"26"
"26023",4.6,"26"
"26025",4.6,"26"
"26027",4.6,"26"
"26029",5.3,"26"
"26031",9,"26"
"26033",7.4,"26"
"26035",7.2,"26"
"26037",3.6,"26"
"26039",7.4,"26"
"26041",6.3,"26"
"26043",5.2,"26"
"26045",4,"26"
"26047",6.2,"26"
"26049",5.4,"26"
"26051",6.8,"26"
"26053",6.5,"26"
"26055",4.1,"26"
"26057",5,"26"
"26059",4.9,"26"
"26061",5.9,"26"
"26063",5,"26"
"26065",4.1,"26"
"26067",4.1,"26"
"26069",7.1,"26"
"26071",6.5,"26"
"26073",4.5,"26"
"26075",4.7,"26"
"26077",3.9,"26"
"26079",6.9,"26"
"26081",3.4,"26"
"26083",8.4,"26"
"26085",7.3,"26"
"26087",6.5,"26"
"26089",4.7,"26"
"26091",4.5,"26"
"26093",4.2,"26"
"26095",6.5,"26"
"26097",9.4,"26"
"26099",5.3,"26"
"26101",6.3,"26"
"26103",5.6,"26"
"26105",5.6,"26"
"26107",5.4,"26"
"26109",5.6,"26"
"26111",4.5,"26"
"26113",5.7,"26"
"26115",4.3,"26"
"26117",5,"26"
"26119",9.7,"26"
"26121",5.2,"26"
"26123",4.7,"26"
"26125",4.2,"26"
"26127",7.1,"26"
"26129",7.5,"26"
"26131",8.3,"26"
"26133",5.5,"26"
"26135",7.2,"26"
"26137",5.7,"26"
"26139",3.2,"26"
"26141",9.2,"26"
"26143",8.1,"26"
"26145",5.1,"26"
"26147",6.2,"26"
"26149",4,"26"
"26151",6,"26"
"26153",9.1,"26"
"26155",5.1,"26"
"26157",6.1,"26"
"26159",5.5,"26"
"26161",3.4,"26"
"26163",6.4,"26"
"26165",5.6,"26"
"27001",7,"27"
"27003",3.8,"27"
"27005",4.7,"27"
"27007",5.3,"27"
"27009",4.5,"27"
"27011",4.9,"27"
"27013",3.2,"27"
"27015",4.1,"27"
"27017",5.4,"27"
"27019",3.3,"27"
"27021",6.7,"27"
"27023",4.5,"27"
"27025",4.4,"27"
"27027",3.5,"27"
"27029",9.6,"27"
"27031",4.6,"27"
"27033",7.3,"27"
"27035",5.1,"27"
"27037",3.4,"27"
"27039",3.8,"27"
"27041",3.5,"27"
"27043",4.4,"27"
"27045",4.1,"27"
"27047",3.9,"27"
"27049",3.8,"27"
"27051",4.7,"27"
"27053",3.4,"27"
"27055",4,"27"
"27057",6.5,"27"
"27059",4.7,"27"
"27061",8.7,"27"
"27063",4.5,"27"
"27065",6.6,"27"
"27067",3.8,"27"
"27069",4.7,"27"
"27071",8.5,"27"
"27073",4.3,"27"
"27075",6.5,"27"
"27077",4.7,"27"
"27079",4.9,"27"
"27081",3.6,"27"
"27083",3.6,"27"
"27085",4.5,"27"
"27087",5.7,"27"
"27089",7.4,"27"
"27091",4.2,"27"
"27093",4.5,"27"
"27095",6,"27"
"27097",5.7,"27"
"27099",3.2,"27"
"27101",4.8,"27"
"27103",2.8,"27"
"27105",3.8,"27"
"27107",4.9,"27"
"27109",3,"27"
"27111",4.4,"27"
"27113",5.8,"27"
"27115",5.9,"27"
"27117",3.9,"27"
"27119",4.4,"27"
"27121",3.6,"27"
"27123",3.6,"27"
"27125",7.2,"27"
"27127",4.1,"27"
"27129",5.3,"27"
"27131",3.5,"27"
"27133",2.3,"27"
"27135",5.1,"27"
"27137",5.8,"27"
"27139",3.3,"27"
"27141",4.1,"27"
"27143",4.3,"27"
"27145",3.8,"27"
"27147",3.6,"27"
"27149",3,"27"
"27151",5.3,"27"
"27153",4.7,"27"
"27155",3.7,"27"
"27157",3.7,"27"
"27159",6,"27"
"27161",4.3,"27"
"27163",3.4,"27"
"27165",5,"27"
"27167",3.3,"27"
"27169",3.6,"27"
"27171",3.9,"27"
"27173",3.9,"27"
"28001",8.3,"28"
"28003",5.2,"28"
"28005",7.4,"28"
"28007",6.7,"28"
"28009",6.7,"28"
"28011",7.3,"28"
"28013",5.4,"28"
"28015",7.5,"28"
"28017",6.6,"28"
"28019",5.7,"28"
"28021",11.4,"28"
"28023",6.8,"28"
"28025",8.1,"28"
"28027",8.8,"28"
"28029",6.5,"28"
"28031",5.5,"28"
"28033",4.2,"28"
"28035",5.7,"28"
"28037",7.2,"28"
"28039",7.4,"28"
"28041",7.3,"28"
"28043",5.2,"28"
"28045",6.1,"28"
"28047",5.5,"28"
"28049",5.4,"28"
"28051",11,"28"
"28053",11.4,"28"
"28055",14.3,"28"
"28057",5,"28"
"28059",6.5,"28"
"28061",7.7,"28"
"28063",14.9,"28"
"28065",8.3,"28"
"28067",6.1,"28"
"28069",8.7,"28"
"28071",4.8,"28"
"28073",4.5,"28"
"28075",5.9,"28"
"28077",7.1,"28"
"28079",6.1,"28"
"28081",4.8,"28"
"28083",9.3,"28"
"28085",5.7,"28"
"28087",6.2,"28"
"28089",4.3,"28"
"28091",6.6,"28"
"28093",6,"28"
"28095",6.3,"28"
"28097",6.4,"28"
"28099",5.8,"28"
"28101",6,"28"
"28103",8.3,"28"
"28105",5.5,"28"
"28107",7.4,"28"
"28109",6,"28"
"28111",7.1,"28"
"28113",6.8,"28"
"28115",4.8,"28"
"28117",5.5,"28"
"28119",9.7,"28"
"28121",4,"28"
"28123",4.6,"28"
"28125",8.9,"28"
"28127",5.4,"28"
"28129",5.3,"28"
"28131",6.7,"28"
"28133",9.5,"28"
"28135",6.8,"28"
"28137",5.8,"28"
"28139",5.5,"28"
"28141",5.5,"28"
"28143",7.1,"28"
"28145",4.4,"28"
"28147",7.7,"28"
"28149",6.4,"28"
"28151",9,"28"
"28153",7.3,"28"
"28155",6.3,"28"
"28157",10.2,"28"
"28159",7.1,"28"
"28161",6.2,"28"
"28163",7.4,"28"
"29001",5.7,"29"
"29003",3.8,"29"
"29005",4.6,"29"
"29007",4.2,"29"
"29009",4.5,"29"
"29011",5.2,"29"
"29013",5.3,"29"
"29015",6.1,"29"
"29017",5.1,"29"
"29019",3.2,"29"
"29021",4.1,"29"
"29023",5.7,"29"
"29025",4.6,"29"
"29027",4.1,"29"
"29029",5.7,"29"
"29031",4.3,"29"
"29033",5.4,"29"
"29035",7,"29"
"29037",4.1,"29"
"29039",5,"29"
"29041",4.3,"29"
"29043",3.9,"29"
"29045",7.3,"29"
"29047",3.9,"29"
"29049",4.2,"29"
"29051",3.6,"29"
"29053",4.9,"29"
"29055",5.3,"29"
"29057",4.4,"29"
"29059",5.5,"29"
"29061",3.8,"29"
"29063",4.4,"29"
"29065",5.4,"29"
"29067",6.1,"29"
"29069",8.2,"29"
"29071",4.4,"29"
"29073",4.3,"29"
"29075",3.7,"29"
"29077",3.8,"29"
"29079",4.6,"29"
"29081",4.2,"29"
"29083",5,"29"
"29085",5.6,"29"
"29087",3.3,"29"
"29089",4.4,"29"
"29091",6.3,"29"
"29093",7.1,"29"
"29095",5.1,"29"
"29097",4.1,"29"
"29099",4.3,"29"
"29101",4.9,"29"
"29103",3.5,"29"
"29105",5.5,"29"
"29107",4.3,"29"
"29109",4.3,"29"
"29111",4.5,"29"
"29113",4.5,"29"
"29115",6.8,"29"
"29117",3.9,"29"
"29119",4.3,"29"
"29121",4.8,"29"
"29123",5.5,"29"
"29125",5,"29"
"29127",4.3,"29"
"29129",4.6,"29"
"29131",5.2,"29"
"29133",6.6,"29"
"29135",4.3,"29"
"29137",4.8,"29"
"29139",4.6,"29"
"29141",5.8,"29"
"29143",9.3,"29"
"29145",4.3,"29"
"29147",4.6,"29"
"29149",6.1,"29"
"29151",3.4,"29"
"29153",7.3,"29"
"29155",8.9,"29"
"29157",3.5,"29"
"29159",4.9,"29"
"29161",4.7,"29"
"29163",4.5,"29"
"29165",3.6,"29"
"29167",4.8,"29"
"29169",5.4,"29"
"29171",4.5,"29"
"29173",4,"29"
"29175",5.2,"29"
"29177",4.9,"29"
"29179",6.5,"29"
"29181",7,"29"
"29183",3.5,"29"
"29185",6.3,"29"
"29186",4.6,"29"
"29187",5.5,"29"
"29189",4.2,"29"
"29195",4.7,"29"
"29197",6.3,"29"
"29199",4.1,"29"
"29201",5.7,"29"
"29203",7.4,"29"
"29205",4.1,"29"
"29207",6.4,"29"
"29209",7,"29"
"29211",5.8,"29"
"29213",7.4,"29"
"29215",6.2,"29"
"29217",4.8,"29"
"29219",4.2,"29"
"29221",6.3,"29"
"29223",5.4,"29"
"29225",4.9,"29"
"29227",3,"29"
"29229",5.9,"29"
"29510",5.4,"29"
"30001",3.3,"30"
"30003",7.2,"30"
"30005",4.6,"30"
"30007",4.9,"30"
"30009",3.9,"30"
"30011",2.9,"30"
"30013",4,"30"
"30015",3.8,"30"
"30017",3.5,"30"
"30019",2.6,"30"
"30021",3.9,"30"
"30023",3.8,"30"
"30025",3.6,"30"
"30027",3.9,"30"
"30029",5.6,"30"
"30031",2.8,"30"
"30033",2.8,"30"
"30035",8.6,"30"
"30037",4.4,"30"
"30039",5.9,"30"
"30041",4.3,"30"
"30043",4.6,"30"
"30045",3.4,"30"
"30047",4.7,"30"
"30049",3.3,"30"
"30051",3.1,"30"
"30053",9,"30"
"30055",2,"30"
"30057",3.8,"30"
"30059",4,"30"
"30061",7.6,"30"
"30063",3.7,"30"
"30065",5.1,"30"
"30067",4.3,"30"
"30069",4.8,"30"
"30071",5.3,"30"
"30073",4.2,"30"
"30075",2.3,"30"
"30077",5,"30"
"30079",3.4,"30"
"30081",4.8,"30"
"30083",5,"30"
"30085",5.3,"30"
"30087",5.5,"30"
"30089",7.8,"30"
"30091",3.3,"30"
"30093",4.3,"30"
"30095",4,"30"
"30097",3.1,"30"
"30099",3.7,"30"
"30101",3.5,"30"
"30103",4.5,"30"
"30105",3.4,"30"
"30107",5.1,"30"
"30109",3.8,"30"
"30111",3.6,"30"
"31001",3.3,"31"
"31003",2.7,"31"
"31005",6.2,"31"
"31007",3.8,"31"
"31009",4.5,"31"
"31011",2.8,"31"
"31013",3.8,"31"
"31015",3.2,"31"
"31017",3.9,"31"
"31019",2.6,"31"
"31021",3.8,"31"
"31023",3.3,"31"
"31025",3.5,"31"
"31027",2.7,"31"
"31029",2.2,"31"
"31031",2.4,"31"
"31033",3,"31"
"31035",3.3,"31"
"31037",3,"31"
"31039",3,"31"
"31041",2.5,"31"
"31043",4.3,"31"
"31045",3.1,"31"
"31047",3.1,"31"
"31049",2.8,"31"
"31051",3.5,"31"
"31053",3.2,"31"
"31055",3.5,"31"
"31057",2.3,"31"
"31059",2.9,"31"
"31061",3.1,"31"
"31063",3,"31"
"31065",2.9,"31"
"31067",3.5,"31"
"31069",3.4,"31"
"31071",2.8,"31"
"31073",2.7,"31"
"31075",2.4,"31"
"31077",3.3,"31"
"31079",3.8,"31"
"31081",2.9,"31"
"31083",2.6,"31"
"31085",2.5,"31"
"31087",3.8,"31"
"31089",2.6,"31"
"31091",3.8,"31"
"31093",3.5,"31"
"31095",2.5,"31"
"31097",3.3,"31"
"31099",2.5,"31"
"31101",3.1,"31"
"31103",2.1,"31"
"31105",4.3,"31"
"31107",3.2,"31"
"31109",2.9,"31"
"31111",3.2,"31"
"31113",2.9,"31"
"31115",3.6,"31"
"31117",2.4,"31"
"31119",2.9,"31"
"31121",3.8,"31"
"31123",3.4,"31"
"31125",2.8,"31"
"31127",3.8,"31"
"31129",3.1,"31"
"31131",3.5,"31"
"31133",2.4,"31"
"31135",2.3,"31"
"31137",2.6,"31"
"31139",2.8,"31"
"31141",3.7,"31"
"31143",2.8,"31"
"31145",3,"31"
"31147",3.4,"31"
"31149",2.7,"31"
"31151",3.2,"31"
"31153",3,"31"
"31155",3.2,"31"
"31157",3.6,"31"
"31159",3,"31"
"31161",3,"31"
"31163",3.3,"31"
"31165",2.8,"31"
"31167",2.7,"31"
"31169",2.6,"31"
"31171",3.4,"31"
"31173",5,"31"
"31175",3,"31"
"31177",3.3,"31"
"31179",2.8,"31"
"31181",3.3,"31"
"31183",2.3,"31"
"31185",2.8,"31"
"32001",5.4,"32"
"32003",5.8,"32"
"32005",5.6,"32"
"32007",4.5,"32"
"32009",4.5,"32"
"32011",4.6,"32"
"32013",5.4,"32"
"32015",6.2,"32"
"32017",5.1,"32"
"32019",7.4,"32"
"32021",6.6,"32"
"32023",7.3,"32"
"32027",5.9,"32"
"32029",6.3,"32"
"32031",5,"32"
"32033",4.6,"32"
"32510",6.1,"32"
"33001",2.8,"33"
"33003",3,"33"
"33005",2.7,"33"
"33007",3.9,"33"
"33009",2.4,"33"
"33011",3,"33"
"33013",2.5,"33"
"33015",3,"33"
"33017",2.5,"33"
"33019",2.4,"33"
"34001",7.4,"34"
"34003",4.2,"34"
"34005",4.4,"34"
"34007",5.5,"34"
"34009",9.8,"34"
"34011",7.5,"34"
"34013",6,"34"
"34015",5.1,"34"
"34017",4.7,"34"
"34019",3.8,"34"
"34021",4.3,"34"
"34023",4.4,"34"
"34025",4.4,"34"
"34027",3.9,"34"
"34029",5.2,"34"
"34031",6.1,"34"
"34033",6.3,"34"
"34035",4.1,"34"
"34037",4.7,"34"
"34039",5.2,"34"
"34041",4.6,"34"
"35001",5.8,"35"
"35003",8.2,"35"
"35005",6.8,"35"
"35006",8.3,"35"
"35007",6.1,"35"
"35009",5.1,"35"
"35011",4.9,"35"
"35013",7.2,"35"
"35015",6.6,"35"
"35017",6.6,"35"
"35019",6.5,"35"
"35021",7.2,"35"
"35023",5.7,"35"
"35025",9.5,"35"
"35027",6,"35"
"35028",4.2,"35"
"35029",14.7,"35"
"35031",9.5,"35"
"35033",8.8,"35"
"35035",6,"35"
"35037",6.9,"35"
"35039",7.5,"35"
"35041",5.7,"35"
"35043",6.7,"35"
"35045",8.9,"35"
"35047",7.7,"35"
"35049",5.4,"35"
"35051",8.5,"35"
"35053",7.5,"35"
"35055",8.5,"35"
"35057",9.1,"35"
"35059",4.1,"35"
"35061",7.2,"35"
"36001",4,"36"
"36003",6.2,"36"
"36005",7.1,"36"
"36007",5.4,"36"
"36009",5.9,"36"
"36011",5,"36"
"36013",5.8,"36"
"36015",5.7,"36"
"36017",5,"36"
"36019",5.3,"36"
"36021",3.7,"36"
"36023",5.7,"36"
"36025",5.5,"36"
"36027",4.2,"36"
"36029",4.9,"36"
"36031",5.3,"36"
"36033",5.6,"36"
"36035",5.7,"36"
"36037",4.6,"36"
"36039",5,"36"
"36041",6.5,"36"
"36043",5.5,"36"
"36045",6.2,"36"
"36047",5.3,"36"
"36049",6.7,"36"
"36051",4.9,"36"
"36053",5.2,"36"
"36055",4.7,"36"
"36057",5.7,"36"
"36059",3.9,"36"
"36061",4.5,"36"
"36063",5.8,"36"
"36065",4.8,"36"
"36067",4.5,"36"
"36069",4.3,"36"
"36071",4.3,"36"
"36073",5.7,"36"
"36075",6.4,"36"
"36077",4.9,"36"
"36079",4,"36"
"36081",4.5,"36"
"36083",4.3,"36"
"36085",5.2,"36"
"36087",4.2,"36"
"36089",6.6,"36"
"36091",3.8,"36"
"36093",4.3,"36"
"36095",5.4,"36"
"36097",6,"36"
"36099",4.7,"36"
"36101",5.8,"36"
"36103",4.3,"36"
"36105",4.8,"36"
"36107",5.1,"36"
"36109",4.1,"36"
"36111",4.4,"36"
"36113",5.2,"36"
"36115",4.6,"36"
"36117",4.9,"36"
"36119",4.2,"36"
"36121",5.3,"36"
"36123",4.4,"36"
"37001",4.7,"37"
"37003",4.3,"37"
"37005",5.6,"37"
"37007",5.8,"37"
"37009",4.8,"37"
"37011",5,"37"
"37013",5.7,"37"
"37015",6.7,"37"
"37017",6.9,"37"
"37019",6.3,"37"
"37021",3.8,"37"
"37023",4.9,"37"
"37025",4.5,"37"
"37027",5.2,"37"
"37029",5.2,"37"
"37031",5.2,"37"
"37033",5.4,"37"
"37035",4.7,"37"
"37037",4.2,"37"
"37039",5.6,"37"
"37041",6.4,"37"
"37043",5.4,"37"
"37045",5.5,"37"
"37047",6.4,"37"
"37049",5.3,"37"
"37051",6.3,"37"
"37053",5.2,"37"
"37055",6.7,"37"
"37057",4.8,"37"
"37059",4.5,"37"
"37061",5.4,"37"
"37063",4.5,"37"
"37065",8.6,"37"
"37067",4.9,"37"
"37069",5.1,"37"
"37071",5.3,"37"
"37073",5.2,"37"
"37075",8.8,"37"
"37077",4.3,"37"
"37079",5.2,"37"
"37081",5.2,"37"
"37083",8,"37"
"37085",5.7,"37"
"37087",4.6,"37"
"37089",4.2,"37"
"37091",6.5,"37"
"37093",6.5,"37"
"37095",9.4,"37"
"37097",4.8,"37"
"37099",5.4,"37"
"37101",4.6,"37"
"37103",5.3,"37"
"37105",5.9,"37"
"37107",5.9,"37"
"37109",4.6,"37"
"37111",4.8,"37"
"37113",5.4,"37"
"37115",4.9,"37"
"37117",6.7,"37"
"37119",4.7,"37"
"37121",6.1,"37"
"37123",5.2,"37"
"37125",5,"37"
"37127",6.6,"37"
"37129",4.7,"37"
"37131",7.3,"37"
"37133",5.5,"37"
"37135",4.3,"37"
"37137",5.3,"37"
"37139",6.3,"37"
"37141",5.3,"37"
"37143",6.4,"37"
"37145",5.5,"37"
"37147",5.5,"37"
"37149",4.7,"37"
"37151",4.9,"37"
"37153",7,"37"
"37155",7.9,"37"
"37157",5.6,"37"
"37159",5.5,"37"
"37161",6.7,"37"
"37163",5.4,"37"
"37165",9.2,"37"
"37167",4.6,"37"
"37169",4.8,"37"
"37171",4.8,"37"
"37173",6.1,"37"
"37175",4.9,"37"
"37177",8.4,"37"
"37179",4.3,"37"
"37181",7.2,"37"
"37183",4.2,"37"
"37185",7.3,"37"
"37187",7.4,"37"
"37189",4.5,"37"
"37191",5.8,"37"
"37193",4.8,"37"
"37195",8.1,"37"
"37197",4.4,"37"
"37199",5.2,"37"
"38001",2.7,"38"
"38003",3.3,"38"
"38005",4.1,"38"
"38007",3.2,"38"
"38009",4.8,"38"
"38011",2.2,"38"
"38013",4.9,"38"
"38015",2.6,"38"
"38017",2.3,"38"
"38019",2.7,"38"
"38021",2,"38"
"38023",2.7,"38"
"38025",3.1,"38"
"38027",4.5,"38"
"38029",4.5,"38"
"38031",3.1,"38"
"38033",2.8,"38"
"38035",2.4,"38"
"38037",3.2,"38"
"38039",3,"38"
"38041",3.1,"38"
"38043",3.9,"38"
"38045",2.5,"38"
"38047",3.5,"38"
"38049",5.1,"38"
"38051",3.2,"38"
"38053",3.8,"38"
"38055",3.6,"38"
"38057",4.6,"38"
"38059",3.3,"38"
"38061",3.1,"38"
"38063",3.5,"38"
"38065",5.4,"38"
"38067",5.1,"38"
"38069",4.1,"38"
"38071",2.9,"38"
"38073",2.3,"38"
"38075",4.1,"38"
"38077",2.8,"38"
"38079",11,"38"
"38081",2,"38"
"38083",5.8,"38"
"38085",4.4,"38"
"38087",2.5,"38"
"38089",4,"38"
"38091",2.2,"38"
"38093",2.5,"38"
"38095",2.3,"38"
"38097",2.9,"38"
"38099",3.9,"38"
"38101",4.2,"38"
"38103",4,"38"
"38105",4.4,"38"
"39001",7.5,"39"
"39003",5,"39"
"39005",5,"39"
"39007",6,"39"
"39009",6.2,"39"
"39011",3.7,"39"
"39013",7.4,"39"
"39015",5.7,"39"
"39017",4.4,"39"
"39019",6.8,"39"
"39021",4.5,"39"
"39023",5.2,"39"
"39025",4.4,"39"
"39027",5.8,"39"
"39029",6.6,"39"
"39031",7,"39"
"39033",6,"39"
"39035",5.4,"39"
"39037",4.1,"39"
"39039",4.8,"39"
"39041",3.5,"39"
"39043",5.5,"39"
"39045",4.2,"39"
"39047",4.4,"39"
"39049",4,"39"
"39051",4.6,"39"
"39053",6.7,"39"
"39055",4.4,"39"
"39057",4.3,"39"
"39059",7,"39"
"39061",4.3,"39"
"39063",3.6,"39"
"39065",5,"39"
"39067",7.5,"39"
"39069",5.3,"39"
"39071",6.3,"39"
"39073",5.4,"39"
"39075",3.5,"39"
"39077",6.5,"39"
"39079",7.8,"39"
"39081",8.3,"39"
"39083",4.5,"39"
"39085",4.8,"39"
"39087",6.4,"39"
"39089",4.3,"39"
"39091",4.2,"39"
"39093",5.9,"39"
"39095",5.1,"39"
"39097",3.8,"39"
"39099",6.3,"39"
"39101",5,"39"
"39103",4.3,"39"
"39105",8.3,"39"
"39107",3.2,"39"
"39109",4.3,"39"
"39111",11.1,"39"
"39113",4.8,"39"
"39115",8.1,"39"
"39117",4.9,"39"
"39119",6,"39"
"39121",8.6,"39"
"39123",6.4,"39"
"39125",4.6,"39"
"39127",6.2,"39"
"39129",4.7,"39"
"39131",7.4,"39"
"39133",5,"39"
"39135",4.7,"39"
"39137",3.6,"39"
"39139",5.5,"39"
"39141",5.5,"39"
"39143",4.7,"39"
"39145",7.6,"39"
"39147",4.8,"39"
"39149",4.1,"39"
"39151",5.4,"39"
"39153",5,"39"
"39155",6.7,"39"
"39157",5.7,"39"
"39159",3.8,"39"
"39161",4,"39"
"39163",7,"39"
"39165",4.1,"39"
"39167",6.9,"39"
"39169",3.9,"39"
"39171",4.4,"39"
"39173",4.1,"39"
"39175",3.7,"39"
"40001",6,"40"
"40003",3.4,"40"
"40005",6.7,"40"
"40007",3.2,"40"
"40009",7.5,"40"
"40011",3.8,"40"
"40013",4.4,"40"
"40015",5.4,"40"
"40017",4,"40"
"40019",5.2,"40"
"40021",5.6,"40"
"40023",7.8,"40"
"40025",2.5,"40"
"40027",3.9,"40"
"40029",7.5,"40"
"40031",4.7,"40"
"40033",4.9,"40"
"40035",4.9,"40"
"40037",5.9,"40"
"40039",4.7,"40"
"40041",5,"40"
"40043",4.1,"40"
"40045",3.9,"40"
"40047",4.3,"40"
"40049",5.4,"40"
"40051",5,"40"
"40053",3.3,"40"
"40055",7.5,"40"
"40057",3.9,"40"
"40059",3.9,"40"
"40061",8.4,"40"
"40063",7.5,"40"
"40065",4.5,"40"
"40067",7.2,"40"
"40069",5.9,"40"
"40071",6.4,"40"
"40073",3.4,"40"
"40075",5.4,"40"
"40077",8.8,"40"
"40079",7,"40"
"40081",5.3,"40"
"40083",4.1,"40"
"40085",3.2,"40"
"40087",4.2,"40"
"40089",7.2,"40"
"40091",9,"40"
"40093",4.2,"40"
"40095",5.1,"40"
"40097",5.2,"40"
"40099",4.5,"40"
"40101",5.5,"40"
"40103",3.7,"40"
"40105",6.2,"40"
"40107",6.2,"40"
"40109",4.3,"40"
"40111",7.2,"40"
"40113",5.8,"40"
"40115",5.1,"40"
"40117",6.7,"40"
"40119",3.8,"40"
"40121",6.3,"40"
"40123",4.1,"40"
"40125",4.7,"40"
"40127",7.6,"40"
"40129",5.2,"40"
"40131",5.1,"40"
"40133",7.1,"40"
"40135",6.3,"40"
"40137",9.7,"40"
"40139",3.5,"40"
"40141",4.5,"40"
"40143",4.7,"40"
"40145",4.8,"40"
"40147",4.9,"40"
"40149",7.2,"40"
"40151",3.3,"40"
"40153",6.3,"40"
"41001",6.4,"41"
"41003",3.9,"41"
"41005",4.4,"41"
"41007",4.8,"41"
"41009",6.2,"41"
"41011",6.5,"41"
"41013",7,"41"
"41015",6.9,"41"
"41017",4.9,"41"
"41019",6.4,"41"
"41021",5.9,"41"
"41023",7.8,"41"
"41025",6.3,"41"
"41027",4.2,"41"
"41029",5.8,"41"
"41031",6.7,"41"
"41033",6.6,"41"
"41035",6.9,"41"
"41037",6.4,"41"
"41039",5.1,"41"
"41041",5.7,"41"
"41043",5.8,"41"
"41045",5.6,"41"
"41047",5.1,"41"
"41049",5,"41"
"41051",4.3,"41"
"41053",5.1,"41"
"41055",4.6,"41"
"41057",5,"41"
"41059",5.4,"41"
"41061",5.9,"41"
"41063",6.7,"41"
"41065",4.9,"41"
"41067",4.2,"41"
"41069",4.3,"41"
"41071",4.7,"41"
"42001",4,"42"
"42003",5.2,"42"
"42005",7.6,"42"
"42007",6.3,"42"
"42009",5.9,"42"
"42011",5,"42"
"42013",5.3,"42"
"42015",6.6,"42"
"42017",4.6,"42"
"42019",5.1,"42"
"42021",6.9,"42"
"42023",7.5,"42"
"42025",6,"42"
"42027",4.2,"42"
"42029",3.9,"42"
"42031",6.4,"42"
"42033",7.4,"42"
"42035",7.1,"42"
"42037",5.6,"42"
"42039",6,"42"
"42041",4.1,"42"
"42043",4.8,"42"
"42045",4.9,"42"
"42047",5.6,"42"
"42049",6.6,"42"
"42051",8.2,"42"
"42053",8,"42"
"42055",5.2,"42"
"42057",6.4,"42"
"42059",7.8,"42"
"42061",7.1,"42"
"42063",7.3,"42"
"42065",6.9,"42"
"42067",5.4,"42"
"42069",5.7,"42"
"42071",4.2,"42"
"42073",6.8,"42"
"42075",4.5,"42"
"42077",5.4,"42"
"42079",6.4,"42"
"42081",6.7,"42"
"42083",6.7,"42"
"42085",6,"42"
"42087",5.8,"42"
"42089",6.3,"42"
"42091",4.2,"42"
"42093",4.3,"42"
"42095",5.2,"42"
"42097",6.3,"42"
"42099",4.7,"42"
"42101",6.8,"42"
"42103",6.4,"42"
"42105",7.9,"42"
"42107",6.2,"42"
"42109",4.7,"42"
"42111",7.3,"42"
"42113",7.2,"42"
"42115",5.7,"42"
"42117",7.2,"42"
"42119",4.8,"42"
"42121",7.3,"42"
"42123",5.5,"42"
"42125",6.2,"42"
"42127",5.9,"42"
"42129",5.9,"42"
"42131",6.2,"42"
"42133",4.7,"42"
"44001",4.6,"44"
"44003",4.8,"44"
"44005",4.7,"44"
"44007",5.7,"44"
"44009",4.8,"44"
"45001",5.3,"45"
"45003",4.8,"45"
"45005",8.5,"45"
"45007",4.4,"45"
"45009",9,"45"
"45011",7,"45"
"45013",4.6,"45"
"45015",4.4,"45"
"45017",6,"45"
"45019",3.9,"45"
"45021",5.7,"45"
"45023",6.9,"45"
"45025",4.8,"45"
"45027",6.3,"45"
"45029",5.4,"45"
"45031",6,"45"
"45033",6.6,"45"
"45035",4.4,"45"
"45037",5.5,"45"
"45039",7,"45"
"45041",5.1,"45"
"45043",6.5,"45"
"45045",4.1,"45"
"45047",5,"45"
"45049",5.7,"45"
"45051",5.6,"45"
"45053",4.2,"45"
"45055",5.1,"45"
"45057",5.2,"45"
"45059",5,"45"
"45061",6.9,"45"
"45063",4,"45"
"45065",5.5,"45"
"45067",8.4,"45"
"45069",8.2,"45"
"45071",4.4,"45"
"45073",5,"45"
"45075",8.6,"45"
"45077",4.8,"45"
"45079",4.7,"45"
"45081",4.4,"45"
"45083",4.6,"45"
"45085",5.7,"45"
"45087",6,"45"
"45089",7.5,"45"
"45091",4.5,"45"
"46003",2.1,"46"
"46005",2.5,"46"
"46007",3.7,"46"
"46009",2.6,"46"
"46011",2.6,"46"
"46013",2.5,"46"
"46015",2.4,"46"
"46017",7.9,"46"
"46019",3.2,"46"
"46021",2.8,"46"
"46023",3,"46"
"46025",3.7,"46"
"46027",2.8,"46"
"46029",2.9,"46"
"46031",4.2,"46"
"46033",3.8,"46"
"46035",2.3,"46"
"46037",4.1,"46"
"46039",4.6,"46"
"46041",8.5,"46"
"46043",2.4,"46"
"46045",2.2,"46"
"46047",4.2,"46"
"46049",2.5,"46"
"46051",3.1,"46"
"46053",2.9,"46"
"46055",2.3,"46"
"46057",3.2,"46"
"46059",2,"46"
"46061",3.2,"46"
"46063",2.7,"46"
"46065",2.2,"46"
"46067",2.4,"46"
"46069",2.5,"46"
"46071",3.9,"46"
"46073",2.2,"46"
"46075",2.3,"46"
"46077",2.5,"46"
"46079",3.2,"46"
"46081",3.1,"46"
"46083",2,"46"
"46085",4.5,"46"
"46087",2.3,"46"
"46089",3.3,"46"
"46091",3.6,"46"
"46093",3,"46"
"46095",3.9,"46"
"46097",2.5,"46"
"46099",2.4,"46"
"46101",3.4,"46"
"46102",10,"46"
"46103",2.9,"46"
"46105",2.8,"46"
"46107",2.6,"46"
"46109",3.9,"46"
"46111",2.8,"46"
"46115",2.9,"46"
"46117",2.2,"46"
"46119",2.2,"46"
"46121",6.1,"46"
"46123",2.1,"46"
"46125",2.7,"46"
"46127",2.9,"46"
"46129",4.8,"46"
"46135",2.4,"46"
"46137",4.2,"46"
"47001",5,"47"
"47003",5.1,"47"
"47005",7.3,"47"
"47007",7.1,"47"
"47009",4.5,"47"
"47011",4.5,"47"
"47013",7,"47"
"47015",4.7,"47"
"47017",6.8,"47"
"47019",5.7,"47"
"47021",4,"47"
"47023",5.1,"47"
"47025",6.3,"47"
"47027",6.7,"47"
"47029",6.5,"47"
"47031",4.8,"47"
"47033",5.3,"47"
"47035",6,"47"
"47037",3.6,"47"
"47039",7,"47"
"47041",5.7,"47"
"47043",4.4,"47"
"47045",6.3,"47"
"47047",5.2,"47"
"47049",6.3,"47"
"47051",5,"47"
"47053",6,"47"
"47055",4.1,"47"
"47057",5.5,"47"
"47059",5.5,"47"
"47061",6.7,"47"
"47063",5.2,"47"
"47065",4.7,"47"
"47067",8,"47"
"47069",6.3,"47"
"47071",6.1,"47"
"47073",5.5,"47"
"47075",6.6,"47"
"47077",7,"47"
"47079",5.9,"47"
"47081",4.6,"47"
"47083",7.7,"47"
"47085",6.1,"47"
"47087",7.2,"47"
"47089",5.4,"47"
"47091",4.9,"47"
"47093",4.1,"47"
"47095",7.9,"47"
"47097",7.8,"47"
"47099",5.8,"47"
"47101",6.1,"47"
"47103",4.2,"47"
"47105",4.8,"47"
"47107",5.5,"47"
"47109",7.1,"47"
"47111",4.4,"47"
"47113",5,"47"
"47115",6.4,"47"
"47117",4.6,"47"
"47119",4.1,"47"
"47121",6.9,"47"
"47123",5.4,"47"
"47125",5.2,"47"
"47127",3.9,"47"
"47129",6.6,"47"
"47131",7.2,"47"
"47133",5.5,"47"
"47135",6.5,"47"
"47137",6.7,"47"
"47139",5.8,"47"
"47141",5,"47"
"47143",7.4,"47"
"47145",5.6,"47"
"47147",4.2,"47"
"47149",3.8,"47"
"47151",7.6,"47"
"47153",5.9,"47"
"47155",5,"47"
"47157",5.5,"47"
"47159",4.6,"47"
"47161",7,"47"
"47163",5.3,"47"
"47165",3.9,"47"
"47167",5.8,"47"
"47169",4.9,"47"
"47171",7.2,"47"
"47173",5.8,"47"
"47175",6.3,"47"
"47177",4.9,"47"
"47179",4.9,"47"
"47181",6.7,"47"
"47183",6.1,"47"
"47185",5.1,"47"
"47187",3.5,"47"
"47189",3.9,"47"
"48001",4.3,"48"
"48003",4.8,"48"
"48005",6,"48"
"48007",5.7,"48"
"48009",4.4,"48"
"48011",2.8,"48"
"48013",5.3,"48"
"48015",5.3,"48"
"48017",4.4,"48"
"48019",4.1,"48"
"48021",3.7,"48"
"48023",3.6,"48"
"48025",7.7,"48"
"48027",4.4,"48"
"48029",3.7,"48"
"48031",3.1,"48"
"48033",3.6,"48"
"48035",4.3,"48"
"48037",4.7,"48"
"48039",5.2,"48"
"48041",3.4,"48"
"48043",3.8,"48"
"48045",4.4,"48"
"48047",11.9,"48"
"48049",4.4,"48"
"48051",4.7,"48"
"48053",3.5,"48"
"48055",4.3,"48"
"48057",5.6,"48"
"48059",4.3,"48"
"48061",7.2,"48"
"48063",6.8,"48"
"48065",3.4,"48"
"48067",7.3,"48"
"48069",3.1,"48"
"48071",6.1,"48"
"48073",5.2,"48"
"48075",3.1,"48"
"48077",4.5,"48"
"48079",5.6,"48"
"48081",4.1,"48"
"48083",5.9,"48"
"48085",3.5,"48"
"48087",3.5,"48"
"48089",4.8,"48"
"48091",3.6,"48"
"48093",4.3,"48"
"48095",3.6,"48"
"48097",4,"48"
"48099",4.5,"48"
"48101",5.4,"48"
"48103",8.5,"48"
"48105",7.6,"48"
"48107",4.4,"48"
"48109",3.8,"48"
"48111",2.3,"48"
"48113",4,"48"
"48115",5.1,"48"
"48117",3.1,"48"
"48119",4,"48"
"48121",3.4,"48"
"48123",5.6,"48"
"48125",5.1,"48"
"48127",7.2,"48"
"48129",4.3,"48"
"48131",11.1,"48"
"48133",5.5,"48"
"48135",6.4,"48"
"48137",4.9,"48"
"48139",3.8,"48"
"48141",4.9,"48"
"48143",4.1,"48"
"48145",4.5,"48"
"48147",3.8,"48"
"48149",3.7,"48"
"48151",4.4,"48"
"48153",5.2,"48"
"48155",3.9,"48"
"48157",5,"48"
"48159",5,"48"
"48161",6.9,"48"
"48163",5,"48"
"48165",3.7,"48"
"48167",5.3,"48"
"48169",3.9,"48"
"48171",2.8,"48"
"48173",3.8,"48"
"48175",5.8,"48"
"48177",4.3,"48"
"48179",7,"48"
"48181",3.8,"48"
"48183",6.1,"48"
"48185",6.7,"48"
"48187",3.6,"48"
"48189",5.7,"48"
"48191",7.1,"48"
"48193",4.9,"48"
"48195",3.1,"48"
"48197",3.9,"48"
"48199",6.1,"48"
"48201",5.3,"48"
"48203",6.1,"48"
"48205",2.2,"48"
"48207",4.4,"48"
"48209",3.3,"48"
"48211",3.8,"48"
"48213",4.7,"48"
"48215",7.8,"48"
"48217",4.5,"48"
"48219",4.7,"48"
"48221",4.7,"48"
"48223",4,"48"
"48225",4.5,"48"
"48227",5.6,"48"
"48229",6.7,"48"
"48231",4.3,"48"
"48233",5.6,"48"
"48235",3.2,"48"
"48237",4.9,"48"
"48239",4.8,"48"
"48241",7.8,"48"
"48243",2.9,"48"
"48245",7,"48"
"48247",9.6,"48"
"48249",10.7,"48"
"48251",4.3,"48"
"48253",5.9,"48"
"48255",4.9,"48"
"48257",3.8,"48"
"48259",3.2,"48"
"48261",5.2,"48"
"48263",3,"48"
"48265",3.6,"48"
"48267",3.9,"48"
"48269",4,"48"
"48271",6,"48"
"48273",6.9,"48"
"48275",4.4,"48"
"48277",4.6,"48"
"48279",6.6,"48"
"48281",4.1,"48"
"48283",5.2,"48"
"48285",4.3,"48"
"48287",3.8,"48"
"48289",6.6,"48"
"48291",7.6,"48"
"48293",5.7,"48"
"48295",4.6,"48"
"48297",6,"48"
"48299",4.1,"48"
"48301",4.3,"48"
"48303",3.4,"48"
"48305",4,"48"
"48307",4.6,"48"
"48309",4,"48"
"48311",2.2,"48"
"48313",5.1,"48"
"48315",7.1,"48"
"48317",4.4,"48"
"48319",3.7,"48"
"48321",7.4,"48"
"48323",11.3,"48"
"48325",4.4,"48"
"48327",4.6,"48"
"48329",4.4,"48"
"48331",5.2,"48"
"48333",4.2,"48"
"48335",7.2,"48"
"48337",5,"48"
"48339",4.9,"48"
"48341",3,"48"
"48343",11,"48"
"48345",3.7,"48"
"48347",4.7,"48"
"48349",4.2,"48"
"48351",8.1,"48"
"48353",4.9,"48"
"48355",5.7,"48"
"48357",5.4,"48"
"48359",3,"48"
"48361",6.8,"48"
"48363",5.6,"48"
"48365",7.4,"48"
"48367",4.1,"48"
"48369",2.5,"48"
"48371",5.9,"48"
"48373",6.3,"48"
"48375",3.3,"48"
"48377",10.7,"48"
"48379",4,"48"
"48381",3,"48"
"48383",6.6,"48"
"48385",5.7,"48"
"48387",5.9,"48"
"48389",5.6,"48"
"48391",6.8,"48"
"48393",4.7,"48"
"48395",5,"48"
"48397",3.5,"48"
"48399",4.1,"48"
"48401",5.8,"48"
"48403",9.6,"48"
"48405",9.1,"48"
"48407",6.3,"48"
"48409",7.6,"48"
"48411",3.4,"48"
"48413",5.7,"48"
"48415",5.9,"48"
"48417",3.9,"48"
"48419",6,"48"
"48421",2.9,"48"
"48423",4.5,"48"
"48425",4.7,"48"
"48427",13.6,"48"
"48429",5.3,"48"
"48431",4.2,"48"
"48433",4.6,"48"
"48435",8,"48"
"48437",4.3,"48"
"48439",3.9,"48"
"48441",3.7,"48"
"48443",4.1,"48"
"48445",4.9,"48"
"48447",3.7,"48"
"48449",6.2,"48"
"48451",4.5,"48"
"48453",3.1,"48"
"48455",6.3,"48"
"48457",7.6,"48"
"48459",6.5,"48"
"48461",5.4,"48"
"48463",5.3,"48"
"48465",6.3,"48"
"48467",4.3,"48"
"48469",5.4,"48"
"48471",5.3,"48"
"48473",5.7,"48"
"48475",5.8,"48"
"48477",5.1,"48"
"48479",4.9,"48"
"48481",5,"48"
"48483",5,"48"
"48485",4.4,"48"
"48487",4.8,"48"
"48489",12.4,"48"
"48491",3.3,"48"
"48493",3.9,"48"
"48495",7.9,"48"
"48497",4.8,"48"
"48499",5.3,"48"
"48501",4.7,"48"
"48503",4.4,"48"
"48505",11,"48"
"48507",14.1,"48"
"49001",5,"49"
"49003",3.5,"49"
"49005",3.1,"49"
"49007",5.9,"49"
"49009",4.9,"49"
"49011",3.1,"49"
"49013",8.9,"49"
"49015",6.3,"49"
"49017",8.4,"49"
"49019",5.8,"49"
"49021",4.3,"49"
"49023",3.6,"49"
"49025",3.8,"49"
"49027",3.3,"49"
"49029",3,"49"
"49031",6,"49"
"49033",3.2,"49"
"49035",3.2,"49"
"49037",8,"49"
"49039",3.9,"49"
"49041",4.4,"49"
"49043",3.1,"49"
"49045",3.8,"49"
"49047",9.3,"49"
"49049",3,"49"
"49051",3.3,"49"
"49053",3.7,"49"
"49055",7.7,"49"
"49057",3.8,"49"
"50001",3.1,"50"
"50003",3.8,"50"
"50005",4.1,"50"
"50007",2.5,"50"
"50009",5.9,"50"
"50011",3.2,"50"
"50013",4,"50"
"50015",4.3,"50"
"50017",3.1,"50"
"50019",5.2,"50"
"50021",3.9,"50"
"50023",3.2,"50"
"50025",3.3,"50"
"50027",2.9,"50"
"51001",4.8,"51"
"51003",3.5,"51"
"51005",5.1,"51"
"51007",4.2,"51"
"51009",4.3,"51"
"51011",4.6,"51"
"51013",2.6,"51"
"51015",3.6,"51"
"51017",3.7,"51"
"51019",4.1,"51"
"51021",5.2,"51"
"51023",3.6,"51"
"51025",6,"51"
"51027",10.8,"51"
"51029",5.3,"51"
"51031",4.4,"51"
"51033",4.4,"51"
"51035",5.1,"51"
"51036",4.5,"51"
"51037",5,"51"
"51041",3.8,"51"
"51043",3.5,"51"
"51045",4.7,"51"
"51047",3.8,"51"
"51049",4.6,"51"
"51051",9.9,"51"
"51053",4.8,"51"
"51057",4.8,"51"
"51059",3.2,"51"
"51061",3.4,"51"
"51063",4,"51"
"51065",3.3,"51"
"51067",4.3,"51"
"51069",3.5,"51"
"51071",5.3,"51"
"51073",3.7,"51"
"51075",3.7,"51"
"51077",5.2,"51"
"51079",3.2,"51"
"51081",5.1,"51"
"51083",5.8,"51"
"51085",3.5,"51"
"51087",3.8,"51"
"51089",5.6,"51"
"51091",3.2,"51"
"51093",4.3,"51"
"51095",3.9,"51"
"51097",4.2,"51"
"51099",4.2,"51"
"51101",3.7,"51"
"51103",5.6,"51"
"51105",6.8,"51"
"51107",3.2,"51"
"51109",3.8,"51"
"51111",4.6,"51"
"51113",3.1,"51"
"51115",4,"51"
"51117",5.6,"51"
"51119",3.8,"51"
"51121",4,"51"
"51125",3.6,"51"
"51127",3.4,"51"
"51131",5.7,"51"
"51133",5.4,"51"
"51135",3.9,"51"
"51137",4,"51"
"51139",5.6,"51"
"51141",4.8,"51"
"51143",4.7,"51"
"51145",3.5,"51"
"51147",5.3,"51"
"51149",4.8,"51"
"51153",3.6,"51"
"51155",5.8,"51"
"51157",3.5,"51"
"51159",3.7,"51"
"51161",3.5,"51"
"51163",4.4,"51"
"51165",3.5,"51"
"51167",6.5,"51"
"51169",4.8,"51"
"51171",3.7,"51"
"51173",5.8,"51"
"51175",3.9,"51"
"51177",4.1,"51"
"51179",3.9,"51"
"51181",5.3,"51"
"51183",6.1,"51"
"51185",7.5,"51"
"51187",4,"51"
"51191",4.5,"51"
"51193",4.6,"51"
"51195",8.5,"51"
"51197",5.7,"51"
"51199",3.9,"51"
"51510",2.9,"51"
"51520",5.1,"51"
"51530",5.1,"51"
"51540",3.3,"51"
"51550",4.3,"51"
"51570",4.4,"51"
"51580",5.8,"51"
"51590",6,"51"
"51595",6.5,"51"
"51600",3,"51"
"51610",2.7,"51"
"51620",5.9,"51"
"51630",4.7,"51"
"51640",5,"51"
"51650",5.6,"51"
"51660",4.7,"51"
"51670",6.5,"51"
"51678",6.3,"51"
"51680",5.2,"51"
"51683",3.6,"51"
"51685",3.5,"51"
"51690",7.1,"51"
"51700",5.1,"51"
"51710",5.2,"51"
"51720",6.8,"51"
"51730",7.6,"51"
"51735",3.5,"51"
"51740",6.1,"51"
"51750",5.4,"51"
"51760",4.6,"51"
"51770",4.3,"51"
"51775",3.9,"51"
"51790",3.9,"51"
"51800",4.7,"51"
"51810",3.9,"51"
"51820",4.1,"51"
"51830",5.6,"51"
"51840",3.9,"51"
"53001",6.8,"53"
"53003",5.1,"53"
"53005",6.5,"53"
"53007",5.9,"53"
"53009",7.9,"53"
"53011",6.3,"53"
"53013",6.8,"53"
"53015",7.5,"53"
"53017",7.1,"53"
"53019",10.8,"53"
"53021",7.6,"53"
"53023",6,"53"
"53025",7.4,"53"
"53027",8.7,"53"
"53029",6,"53"
"53031",7.3,"53"
"53033",3.9,"53"
"53035",5.8,"53"
"53037",6,"53"
"53039",7.1,"53"
"53041",8.1,"53"
"53043",5.7,"53"
"53045",7.8,"53"
"53047",6.9,"53"
"53049",8.3,"53"
"53051",9.1,"53"
"53053",6.3,"53"
"53055",4.8,"53"
"53057",6.8,"53"
"53059",7.2,"53"
"53061",4.4,"53"
"53063",6.3,"53"
"53065",8.6,"53"
"53067",5.8,"53"
"53069",9,"53"
"53071",5.6,"53"
"53073",6,"53"
"53075",5.1,"53"
"53077",8,"53"
"54001",6.7,"54"
"54003",3.8,"54"
"54005",8.9,"54"
"54007",8.6,"54"
"54009",6.9,"54"
"54011",4.7,"54"
"54013",12.6,"54"
"54015",10.2,"54"
"54017",4.9,"54"
"54019",7.9,"54"
"54021",8.2,"54"
"54023",5.8,"54"
"54025",5.3,"54"
"54027",4.2,"54"
"54029",6.9,"54"
"54031",5.6,"54"
"54033",5.8,"54"
"54035",6.4,"54"
"54037",3.3,"54"
"54039",5.4,"54"
"54041",8.4,"54"
"54043",8.4,"54"
"54045",10.1,"54"
"54047",12.1,"54"
"54049",6.4,"54"
"54051",7.9,"54"
"54053",7.1,"54"
"54055",6.5,"54"
"54057",5.9,"54"
"54059",12.5,"54"
"54061",4.3,"54"
"54063",4.5,"54"
"54065",4.3,"54"
"54067",8.8,"54"
"54069",5.5,"54"
"54071",3.9,"54"
"54073",8.1,"54"
"54075",6.6,"54"
"54077",5.6,"54"
"54079",4.8,"54"
"54081",6.9,"54"
"54083",5.9,"54"
"54085",6.5,"54"
"54087",10.1,"54"
"54089",6.1,"54"
"54091",5.5,"54"
"54093",5.3,"54"
"54095",8.7,"54"
"54097",7.4,"54"
"54099",6.5,"54"
"54101",8.3,"54"
"54103",9.2,"54"
"54105",8.7,"54"
"54107",5.7,"54"
"54109",10.1,"54"
"55001",6.2,"55"
"55003",5.6,"55"
"55005",4.7,"55"
"55007",7.1,"55"
"55009",3.7,"55"
"55011",4.6,"55"
"55013",6.2,"55"
"55015",3.3,"55"
"55017",4.4,"55"
"55019",4,"55"
"55021",3.7,"55"
"55023",5,"55"
"55025",2.9,"55"
"55027",3.8,"55"
"55029",5.1,"55"
"55031",5.5,"55"
"55033",4.2,"55"
"55035",3.5,"55"
"55037",6.2,"55"
"55039",3.6,"55"
"55041",6.4,"55"
"55043",4.1,"55"
"55045",3.4,"55"
"55047",5,"55"
"55049",3.6,"55"
"55051",7.7,"55"
"55053",4.5,"55"
"55055",4,"55"
"55057",4.6,"55"
"55059",4.8,"55"
"55061",3.8,"55"
"55063",3.7,"55"
"55065",3.3,"55"
"55067",5.3,"55"
"55069",4.5,"55"
"55071",4.5,"55"
"55073",3.7,"55"
"55075",5.6,"55"
"55077",5.2,"55"
"55078",7.8,"55"
"55079",5.1,"55"
"55081",4,"55"
"55083",4.6,"55"
"55085",5,"55"
"55087",3.6,"55"
"55089",3.5,"55"
"55091",3.9,"55"
"55093",4.2,"55"
"55095",4.7,"55"
"55097",3.9,"55"
"55099",4.4,"55"
"55101",5.1,"55"
"55103",3.8,"55"
"55105",4.6,"55"
"55107",5.3,"55"
"55109",3.9,"55"
"55111",3.7,"55"
"55113",6.5,"55"
"55115",4.3,"55"
"55117",3.5,"55"
"55119",4.3,"55"
"55121",3.8,"55"
"55123",3.7,"55"
"55125",5.8,"55"
"55127",4.1,"55"
"55129",5.2,"55"
"55131",3.5,"55"
"55133",3.6,"55"
"55135",4.1,"55"
"55137",5.2,"55"
"55139",3.7,"55"
"55141",5,"55"
"56001",3.2,"56"
"56003",4.9,"56"
"56005",7.1,"56"
"56007",4.6,"56"
"56009",6.2,"56"
"56011",4.5,"56"
"56013",7.1,"56"
"56015",3.4,"56"
"56017",4.8,"56"
"56019",5.3,"56"
"56021",4.1,"56"
"56023",4.6,"56"
"56025",7.1,"56"
"56027",3.2,"56"
"56029",4.7,"56"
"56031",4.8,"56"
"56033",4.6,"56"
"56035",6.4,"56"
"56037",6,"56"
"56039",3.4,"56"
"56041",5.8,"56"
"56043",4.7,"56"
"56045",4.9,"56"
"72001",16.9,"72"
"72003",14,"72"
"72005",14.8,"72"
"72007",14.3,"72"
"72009",15,"72"
"72011",12.9,"72"
"72013",13.2,"72"
"72015",18.4,"72"
"72017",14.2,"72"
"72019",13,"72"
"72021",8.9,"72"
"72023",12.5,"72"
"72025",10.3,"72"
"72027",12.4,"72"
"72029",11.6,"72"
"72031",8.6,"72"
"72033",10,"72"
"72035",10.7,"72"
"72037",13,"72"
"72039",16.2,"72"
"72041",10.3,"72"
"72043",18.2,"72"
"72045",13.7,"72"
"72047",12.4,"72"
"72049",3.3,"72"
"72051",8,"72"
"72053",13.7,"72"
"72054",14.5,"72"
"72055",18.2,"72"
"72057",16.4,"72"
"72059",18.7,"72"
"72061",6,"72"
"72063",8.6,"72"
"72065",15.6,"72"
"72067",12.3,"72"
"72069",14.1,"72"
"72071",14.1,"72"
"72073",13.1,"72"
"72075",14.7,"72"
"72077",13.3,"72"
"72079",18.5,"72"
"72081",19.2,"72"
"72083",14.9,"72"
"72085",13.6,"72"
"72087",11.4,"72"
"72089",14.2,"72"
"72091",11.6,"72"
"72093",15.2,"72"
"72095",18.5,"72"
"72097",13.7,"72"
"72099",15.5,"72"
"72101",13.5,"72"
"72103",12.4,"72"
"72105",13,"72"
"72107",15.5,"72"
"72109",20.6,"72"
"72111",16.6,"72"
"72113",13.4,"72"
"72115",16,"72"
"72117",15.7,"72"
"72119",10.5,"72"
"72121",15.9,"72"
"72123",21.7,"72"
"72125",15.1,"72"
"72127",7.9,"72"
"72129",12.6,"72"
"72131",18.9,"72"
"72133",16.8,"72"
"72135",8.4,"72"
"72137",8.9,"72"
"72139",7.2,"72"
"72141",15.5,"72"
"72143",11.6,"72"
"72145",13.9,"72"
"72147",10.6,"72"
"72149",20.2,"72"
"72151",16.9,"72"
"72153",18.8,"72"
